group1,group2,meandiff,p-adj,lower,upper,reject
logreg + All_Clusters,logreg + Baseline,0.0,1.0,-0.0332,0.0332,False
logreg + All_Clusters,logreg + DBSCAN_Only,0.0,1.0,-0.0332,0.0332,False
logreg + All_Clusters,logreg + Hierarchical+DBSCAN,0.0,1.0,-0.0332,0.0332,False
logreg + All_Clusters,logreg + Hierarchical_Only,0.0,1.0,-0.0332,0.0332,False
logreg + All_Clusters,logreg + KMeans+DBSCAN,0.0,1.0,-0.0332,0.0332,False
logreg + All_Clusters,logreg + KMeans+Hierarchical,0.0,1.0,-0.0332,0.0332,False
logreg + All_Clusters,logreg + KMeans_Only,0.0,1.0,-0.0332,0.0332,False
logreg + All_Clusters,naive_bayes + All_Clusters,-0.0033,1.0,-0.0365,0.03,False
logreg + All_Clusters,naive_bayes + Baseline,-0.0033,1.0,-0.0365,0.03,False
logreg + All_Clusters,naive_bayes + DBSCAN_Only,-0.0033,1.0,-0.0365,0.03,False
logreg + All_Clusters,naive_bayes + Hierarchical+DBSCAN,-0.0033,1.0,-0.0365,0.03,False
logreg + All_Clusters,naive_bayes + Hierarchical_Only,-0.0033,1.0,-0.0365,0.03,False
logreg + All_Clusters,naive_bayes + KMeans+DBSCAN,-0.0033,1.0,-0.0365,0.03,False
logreg + All_Clusters,naive_bayes + KMeans+Hierarchical,-0.0033,1.0,-0.0365,0.03,False
logreg + All_Clusters,naive_bayes + KMeans_Only,-0.0033,1.0,-0.0365,0.03,False
logreg + All_Clusters,neural_net + All_Clusters,0.0003,1.0,-0.033,0.0335,False
logreg + All_Clusters,neural_net + Baseline,-0.0024,1.0,-0.0356,0.0309,False
logreg + All_Clusters,neural_net + DBSCAN_Only,0.0009,1.0,-0.0323,0.0341,False
logreg + All_Clusters,neural_net + Hierarchical+DBSCAN,-0.0021,1.0,-0.0353,0.0312,False
logreg + All_Clusters,neural_net + Hierarchical_Only,-0.0029,1.0,-0.0362,0.0303,False
logreg + All_Clusters,neural_net + KMeans+DBSCAN,0.0002,1.0,-0.033,0.0334,False
logreg + All_Clusters,neural_net + KMeans+Hierarchical,-0.0042,1.0,-0.0374,0.029,False
logreg + All_Clusters,neural_net + KMeans_Only,-0.0005,1.0,-0.0337,0.0327,False
logreg + All_Clusters,rf + All_Clusters,0.0359,0.0162,0.0026,0.0691,True
logreg + All_Clusters,rf + Baseline,0.0359,0.0162,0.0026,0.0691,True
logreg + All_Clusters,rf + DBSCAN_Only,0.0359,0.0162,0.0026,0.0691,True
logreg + All_Clusters,rf + Hierarchical+DBSCAN,0.0359,0.0162,0.0026,0.0691,True
logreg + All_Clusters,rf + Hierarchical_Only,0.0359,0.0162,0.0026,0.0691,True
logreg + All_Clusters,rf + KMeans+DBSCAN,0.0359,0.0162,0.0026,0.0691,True
logreg + All_Clusters,rf + KMeans+Hierarchical,0.0359,0.0162,0.0026,0.0691,True
logreg + All_Clusters,rf + KMeans_Only,0.0359,0.0162,0.0026,0.0691,True
logreg + All_Clusters,svm + All_Clusters,-0.0064,1.0,-0.0396,0.0269,False
logreg + All_Clusters,svm + Baseline,-0.0064,1.0,-0.0396,0.0269,False
logreg + All_Clusters,svm + DBSCAN_Only,-0.0064,1.0,-0.0396,0.0269,False
logreg + All_Clusters,svm + Hierarchical+DBSCAN,-0.0064,1.0,-0.0396,0.0269,False
logreg + All_Clusters,svm + Hierarchical_Only,-0.0064,1.0,-0.0396,0.0269,False
logreg + All_Clusters,svm + KMeans+DBSCAN,-0.0064,1.0,-0.0396,0.0269,False
logreg + All_Clusters,svm + KMeans+Hierarchical,-0.0064,1.0,-0.0396,0.0269,False
logreg + All_Clusters,svm + KMeans_Only,-0.0064,1.0,-0.0396,0.0269,False
logreg + All_Clusters,xgboost + All_Clusters,0.0921,0.0,0.0589,0.1253,True
logreg + All_Clusters,xgboost + Baseline,0.0921,0.0,0.0589,0.1253,True
logreg + All_Clusters,xgboost + DBSCAN_Only,0.0921,0.0,0.0589,0.1253,True
logreg + All_Clusters,xgboost + Hierarchical+DBSCAN,0.0921,0.0,0.0589,0.1253,True
logreg + All_Clusters,xgboost + Hierarchical_Only,0.0921,0.0,0.0589,0.1253,True
logreg + All_Clusters,xgboost + KMeans+DBSCAN,0.0921,0.0,0.0589,0.1253,True
logreg + All_Clusters,xgboost + KMeans+Hierarchical,0.0921,0.0,0.0589,0.1253,True
logreg + All_Clusters,xgboost + KMeans_Only,0.0921,0.0,0.0589,0.1253,True
logreg + Baseline,logreg + DBSCAN_Only,0.0,1.0,-0.0332,0.0332,False
logreg + Baseline,logreg + Hierarchical+DBSCAN,0.0,1.0,-0.0332,0.0332,False
logreg + Baseline,logreg + Hierarchical_Only,0.0,1.0,-0.0332,0.0332,False
logreg + Baseline,logreg + KMeans+DBSCAN,0.0,1.0,-0.0332,0.0332,False
logreg + Baseline,logreg + KMeans+Hierarchical,0.0,1.0,-0.0332,0.0332,False
logreg + Baseline,logreg + KMeans_Only,0.0,1.0,-0.0332,0.0332,False
logreg + Baseline,naive_bayes + All_Clusters,-0.0033,1.0,-0.0365,0.03,False
logreg + Baseline,naive_bayes + Baseline,-0.0033,1.0,-0.0365,0.03,False
logreg + Baseline,naive_bayes + DBSCAN_Only,-0.0033,1.0,-0.0365,0.03,False
logreg + Baseline,naive_bayes + Hierarchical+DBSCAN,-0.0033,1.0,-0.0365,0.03,False
logreg + Baseline,naive_bayes + Hierarchical_Only,-0.0033,1.0,-0.0365,0.03,False
logreg + Baseline,naive_bayes + KMeans+DBSCAN,-0.0033,1.0,-0.0365,0.03,False
logreg + Baseline,naive_bayes + KMeans+Hierarchical,-0.0033,1.0,-0.0365,0.03,False
logreg + Baseline,naive_bayes + KMeans_Only,-0.0033,1.0,-0.0365,0.03,False
logreg + Baseline,neural_net + All_Clusters,0.0003,1.0,-0.033,0.0335,False
logreg + Baseline,neural_net + Baseline,-0.0024,1.0,-0.0356,0.0309,False
logreg + Baseline,neural_net + DBSCAN_Only,0.0009,1.0,-0.0323,0.0341,False
logreg + Baseline,neural_net + Hierarchical+DBSCAN,-0.0021,1.0,-0.0353,0.0312,False
logreg + Baseline,neural_net + Hierarchical_Only,-0.0029,1.0,-0.0362,0.0303,False
logreg + Baseline,neural_net + KMeans+DBSCAN,0.0002,1.0,-0.033,0.0334,False
logreg + Baseline,neural_net + KMeans+Hierarchical,-0.0042,1.0,-0.0374,0.029,False
logreg + Baseline,neural_net + KMeans_Only,-0.0005,1.0,-0.0337,0.0327,False
logreg + Baseline,rf + All_Clusters,0.0359,0.0162,0.0026,0.0691,True
logreg + Baseline,rf + Baseline,0.0359,0.0162,0.0026,0.0691,True
logreg + Baseline,rf + DBSCAN_Only,0.0359,0.0162,0.0026,0.0691,True
logreg + Baseline,rf + Hierarchical+DBSCAN,0.0359,0.0162,0.0026,0.0691,True
logreg + Baseline,rf + Hierarchical_Only,0.0359,0.0162,0.0026,0.0691,True
logreg + Baseline,rf + KMeans+DBSCAN,0.0359,0.0162,0.0026,0.0691,True
logreg + Baseline,rf + KMeans+Hierarchical,0.0359,0.0162,0.0026,0.0691,True
logreg + Baseline,rf + KMeans_Only,0.0359,0.0162,0.0026,0.0691,True
logreg + Baseline,svm + All_Clusters,-0.0064,1.0,-0.0396,0.0269,False
logreg + Baseline,svm + Baseline,-0.0064,1.0,-0.0396,0.0269,False
logreg + Baseline,svm + DBSCAN_Only,-0.0064,1.0,-0.0396,0.0269,False
logreg + Baseline,svm + Hierarchical+DBSCAN,-0.0064,1.0,-0.0396,0.0269,False
logreg + Baseline,svm + Hierarchical_Only,-0.0064,1.0,-0.0396,0.0269,False
logreg + Baseline,svm + KMeans+DBSCAN,-0.0064,1.0,-0.0396,0.0269,False
logreg + Baseline,svm + KMeans+Hierarchical,-0.0064,1.0,-0.0396,0.0269,False
logreg + Baseline,svm + KMeans_Only,-0.0064,1.0,-0.0396,0.0269,False
logreg + Baseline,xgboost + All_Clusters,0.0921,0.0,0.0589,0.1253,True
logreg + Baseline,xgboost + Baseline,0.0921,0.0,0.0589,0.1253,True
logreg + Baseline,xgboost + DBSCAN_Only,0.0921,0.0,0.0589,0.1253,True
logreg + Baseline,xgboost + Hierarchical+DBSCAN,0.0921,0.0,0.0589,0.1253,True
logreg + Baseline,xgboost + Hierarchical_Only,0.0921,0.0,0.0589,0.1253,True
logreg + Baseline,xgboost + KMeans+DBSCAN,0.0921,0.0,0.0589,0.1253,True
logreg + Baseline,xgboost + KMeans+Hierarchical,0.0921,0.0,0.0589,0.1253,True
logreg + Baseline,xgboost + KMeans_Only,0.0921,0.0,0.0589,0.1253,True
logreg + DBSCAN_Only,logreg + Hierarchical+DBSCAN,0.0,1.0,-0.0332,0.0332,False
logreg + DBSCAN_Only,logreg + Hierarchical_Only,0.0,1.0,-0.0332,0.0332,False
logreg + DBSCAN_Only,logreg + KMeans+DBSCAN,0.0,1.0,-0.0332,0.0332,False
logreg + DBSCAN_Only,logreg + KMeans+Hierarchical,0.0,1.0,-0.0332,0.0332,False
logreg + DBSCAN_Only,logreg + KMeans_Only,0.0,1.0,-0.0332,0.0332,False
logreg + DBSCAN_Only,naive_bayes + All_Clusters,-0.0033,1.0,-0.0365,0.03,False
logreg + DBSCAN_Only,naive_bayes + Baseline,-0.0033,1.0,-0.0365,0.03,False
logreg + DBSCAN_Only,naive_bayes + DBSCAN_Only,-0.0033,1.0,-0.0365,0.03,False
logreg + DBSCAN_Only,naive_bayes + Hierarchical+DBSCAN,-0.0033,1.0,-0.0365,0.03,False
logreg + DBSCAN_Only,naive_bayes + Hierarchical_Only,-0.0033,1.0,-0.0365,0.03,False
logreg + DBSCAN_Only,naive_bayes + KMeans+DBSCAN,-0.0033,1.0,-0.0365,0.03,False
logreg + DBSCAN_Only,naive_bayes + KMeans+Hierarchical,-0.0033,1.0,-0.0365,0.03,False
logreg + DBSCAN_Only,naive_bayes + KMeans_Only,-0.0033,1.0,-0.0365,0.03,False
logreg + DBSCAN_Only,neural_net + All_Clusters,0.0003,1.0,-0.033,0.0335,False
logreg + DBSCAN_Only,neural_net + Baseline,-0.0024,1.0,-0.0356,0.0309,False
logreg + DBSCAN_Only,neural_net + DBSCAN_Only,0.0009,1.0,-0.0323,0.0341,False
logreg + DBSCAN_Only,neural_net + Hierarchical+DBSCAN,-0.0021,1.0,-0.0353,0.0312,False
logreg + DBSCAN_Only,neural_net + Hierarchical_Only,-0.0029,1.0,-0.0362,0.0303,False
logreg + DBSCAN_Only,neural_net + KMeans+DBSCAN,0.0002,1.0,-0.033,0.0334,False
logreg + DBSCAN_Only,neural_net + KMeans+Hierarchical,-0.0042,1.0,-0.0374,0.029,False
logreg + DBSCAN_Only,neural_net + KMeans_Only,-0.0005,1.0,-0.0337,0.0327,False
logreg + DBSCAN_Only,rf + All_Clusters,0.0359,0.0162,0.0026,0.0691,True
logreg + DBSCAN_Only,rf + Baseline,0.0359,0.0162,0.0026,0.0691,True
logreg + DBSCAN_Only,rf + DBSCAN_Only,0.0359,0.0162,0.0026,0.0691,True
logreg + DBSCAN_Only,rf + Hierarchical+DBSCAN,0.0359,0.0162,0.0026,0.0691,True
logreg + DBSCAN_Only,rf + Hierarchical_Only,0.0359,0.0162,0.0026,0.0691,True
logreg + DBSCAN_Only,rf + KMeans+DBSCAN,0.0359,0.0162,0.0026,0.0691,True
logreg + DBSCAN_Only,rf + KMeans+Hierarchical,0.0359,0.0162,0.0026,0.0691,True
logreg + DBSCAN_Only,rf + KMeans_Only,0.0359,0.0162,0.0026,0.0691,True
logreg + DBSCAN_Only,svm + All_Clusters,-0.0064,1.0,-0.0396,0.0269,False
logreg + DBSCAN_Only,svm + Baseline,-0.0064,1.0,-0.0396,0.0269,False
logreg + DBSCAN_Only,svm + DBSCAN_Only,-0.0064,1.0,-0.0396,0.0269,False
logreg + DBSCAN_Only,svm + Hierarchical+DBSCAN,-0.0064,1.0,-0.0396,0.0269,False
logreg + DBSCAN_Only,svm + Hierarchical_Only,-0.0064,1.0,-0.0396,0.0269,False
logreg + DBSCAN_Only,svm + KMeans+DBSCAN,-0.0064,1.0,-0.0396,0.0269,False
logreg + DBSCAN_Only,svm + KMeans+Hierarchical,-0.0064,1.0,-0.0396,0.0269,False
logreg + DBSCAN_Only,svm + KMeans_Only,-0.0064,1.0,-0.0396,0.0269,False
logreg + DBSCAN_Only,xgboost + All_Clusters,0.0921,0.0,0.0589,0.1253,True
logreg + DBSCAN_Only,xgboost + Baseline,0.0921,0.0,0.0589,0.1253,True
logreg + DBSCAN_Only,xgboost + DBSCAN_Only,0.0921,0.0,0.0589,0.1253,True
logreg + DBSCAN_Only,xgboost + Hierarchical+DBSCAN,0.0921,0.0,0.0589,0.1253,True
logreg + DBSCAN_Only,xgboost + Hierarchical_Only,0.0921,0.0,0.0589,0.1253,True
logreg + DBSCAN_Only,xgboost + KMeans+DBSCAN,0.0921,0.0,0.0589,0.1253,True
logreg + DBSCAN_Only,xgboost + KMeans+Hierarchical,0.0921,0.0,0.0589,0.1253,True
logreg + DBSCAN_Only,xgboost + KMeans_Only,0.0921,0.0,0.0589,0.1253,True
logreg + Hierarchical+DBSCAN,logreg + Hierarchical_Only,0.0,1.0,-0.0332,0.0332,False
logreg + Hierarchical+DBSCAN,logreg + KMeans+DBSCAN,0.0,1.0,-0.0332,0.0332,False
logreg + Hierarchical+DBSCAN,logreg + KMeans+Hierarchical,0.0,1.0,-0.0332,0.0332,False
logreg + Hierarchical+DBSCAN,logreg + KMeans_Only,0.0,1.0,-0.0332,0.0332,False
logreg + Hierarchical+DBSCAN,naive_bayes + All_Clusters,-0.0033,1.0,-0.0365,0.03,False
logreg + Hierarchical+DBSCAN,naive_bayes + Baseline,-0.0033,1.0,-0.0365,0.03,False
logreg + Hierarchical+DBSCAN,naive_bayes + DBSCAN_Only,-0.0033,1.0,-0.0365,0.03,False
logreg + Hierarchical+DBSCAN,naive_bayes + Hierarchical+DBSCAN,-0.0033,1.0,-0.0365,0.03,False
logreg + Hierarchical+DBSCAN,naive_bayes + Hierarchical_Only,-0.0033,1.0,-0.0365,0.03,False
logreg + Hierarchical+DBSCAN,naive_bayes + KMeans+DBSCAN,-0.0033,1.0,-0.0365,0.03,False
logreg + Hierarchical+DBSCAN,naive_bayes + KMeans+Hierarchical,-0.0033,1.0,-0.0365,0.03,False
logreg + Hierarchical+DBSCAN,naive_bayes + KMeans_Only,-0.0033,1.0,-0.0365,0.03,False
logreg + Hierarchical+DBSCAN,neural_net + All_Clusters,0.0003,1.0,-0.033,0.0335,False
logreg + Hierarchical+DBSCAN,neural_net + Baseline,-0.0024,1.0,-0.0356,0.0309,False
logreg + Hierarchical+DBSCAN,neural_net + DBSCAN_Only,0.0009,1.0,-0.0323,0.0341,False
logreg + Hierarchical+DBSCAN,neural_net + Hierarchical+DBSCAN,-0.0021,1.0,-0.0353,0.0312,False
logreg + Hierarchical+DBSCAN,neural_net + Hierarchical_Only,-0.0029,1.0,-0.0362,0.0303,False
logreg + Hierarchical+DBSCAN,neural_net + KMeans+DBSCAN,0.0002,1.0,-0.033,0.0334,False
logreg + Hierarchical+DBSCAN,neural_net + KMeans+Hierarchical,-0.0042,1.0,-0.0374,0.029,False
logreg + Hierarchical+DBSCAN,neural_net + KMeans_Only,-0.0005,1.0,-0.0337,0.0327,False
logreg + Hierarchical+DBSCAN,rf + All_Clusters,0.0359,0.0162,0.0026,0.0691,True
logreg + Hierarchical+DBSCAN,rf + Baseline,0.0359,0.0162,0.0026,0.0691,True
logreg + Hierarchical+DBSCAN,rf + DBSCAN_Only,0.0359,0.0162,0.0026,0.0691,True
logreg + Hierarchical+DBSCAN,rf + Hierarchical+DBSCAN,0.0359,0.0162,0.0026,0.0691,True
logreg + Hierarchical+DBSCAN,rf + Hierarchical_Only,0.0359,0.0162,0.0026,0.0691,True
logreg + Hierarchical+DBSCAN,rf + KMeans+DBSCAN,0.0359,0.0162,0.0026,0.0691,True
logreg + Hierarchical+DBSCAN,rf + KMeans+Hierarchical,0.0359,0.0162,0.0026,0.0691,True
logreg + Hierarchical+DBSCAN,rf + KMeans_Only,0.0359,0.0162,0.0026,0.0691,True
logreg + Hierarchical+DBSCAN,svm + All_Clusters,-0.0064,1.0,-0.0396,0.0269,False
logreg + Hierarchical+DBSCAN,svm + Baseline,-0.0064,1.0,-0.0396,0.0269,False
logreg + Hierarchical+DBSCAN,svm + DBSCAN_Only,-0.0064,1.0,-0.0396,0.0269,False
logreg + Hierarchical+DBSCAN,svm + Hierarchical+DBSCAN,-0.0064,1.0,-0.0396,0.0269,False
logreg + Hierarchical+DBSCAN,svm + Hierarchical_Only,-0.0064,1.0,-0.0396,0.0269,False
logreg + Hierarchical+DBSCAN,svm + KMeans+DBSCAN,-0.0064,1.0,-0.0396,0.0269,False
logreg + Hierarchical+DBSCAN,svm + KMeans+Hierarchical,-0.0064,1.0,-0.0396,0.0269,False
logreg + Hierarchical+DBSCAN,svm + KMeans_Only,-0.0064,1.0,-0.0396,0.0269,False
logreg + Hierarchical+DBSCAN,xgboost + All_Clusters,0.0921,0.0,0.0589,0.1253,True
logreg + Hierarchical+DBSCAN,xgboost + Baseline,0.0921,0.0,0.0589,0.1253,True
logreg + Hierarchical+DBSCAN,xgboost + DBSCAN_Only,0.0921,0.0,0.0589,0.1253,True
logreg + Hierarchical+DBSCAN,xgboost + Hierarchical+DBSCAN,0.0921,0.0,0.0589,0.1253,True
logreg + Hierarchical+DBSCAN,xgboost + Hierarchical_Only,0.0921,0.0,0.0589,0.1253,True
logreg + Hierarchical+DBSCAN,xgboost + KMeans+DBSCAN,0.0921,0.0,0.0589,0.1253,True
logreg + Hierarchical+DBSCAN,xgboost + KMeans+Hierarchical,0.0921,0.0,0.0589,0.1253,True
logreg + Hierarchical+DBSCAN,xgboost + KMeans_Only,0.0921,0.0,0.0589,0.1253,True
logreg + Hierarchical_Only,logreg + KMeans+DBSCAN,0.0,1.0,-0.0332,0.0332,False
logreg + Hierarchical_Only,logreg + KMeans+Hierarchical,0.0,1.0,-0.0332,0.0332,False
logreg + Hierarchical_Only,logreg + KMeans_Only,0.0,1.0,-0.0332,0.0332,False
logreg + Hierarchical_Only,naive_bayes + All_Clusters,-0.0033,1.0,-0.0365,0.03,False
logreg + Hierarchical_Only,naive_bayes + Baseline,-0.0033,1.0,-0.0365,0.03,False
logreg + Hierarchical_Only,naive_bayes + DBSCAN_Only,-0.0033,1.0,-0.0365,0.03,False
logreg + Hierarchical_Only,naive_bayes + Hierarchical+DBSCAN,-0.0033,1.0,-0.0365,0.03,False
logreg + Hierarchical_Only,naive_bayes + Hierarchical_Only,-0.0033,1.0,-0.0365,0.03,False
logreg + Hierarchical_Only,naive_bayes + KMeans+DBSCAN,-0.0033,1.0,-0.0365,0.03,False
logreg + Hierarchical_Only,naive_bayes + KMeans+Hierarchical,-0.0033,1.0,-0.0365,0.03,False
logreg + Hierarchical_Only,naive_bayes + KMeans_Only,-0.0033,1.0,-0.0365,0.03,False
logreg + Hierarchical_Only,neural_net + All_Clusters,0.0003,1.0,-0.033,0.0335,False
logreg + Hierarchical_Only,neural_net + Baseline,-0.0024,1.0,-0.0356,0.0309,False
logreg + Hierarchical_Only,neural_net + DBSCAN_Only,0.0009,1.0,-0.0323,0.0341,False
logreg + Hierarchical_Only,neural_net + Hierarchical+DBSCAN,-0.0021,1.0,-0.0353,0.0312,False
logreg + Hierarchical_Only,neural_net + Hierarchical_Only,-0.0029,1.0,-0.0362,0.0303,False
logreg + Hierarchical_Only,neural_net + KMeans+DBSCAN,0.0002,1.0,-0.033,0.0334,False
logreg + Hierarchical_Only,neural_net + KMeans+Hierarchical,-0.0042,1.0,-0.0374,0.029,False
logreg + Hierarchical_Only,neural_net + KMeans_Only,-0.0005,1.0,-0.0337,0.0327,False
logreg + Hierarchical_Only,rf + All_Clusters,0.0359,0.0162,0.0026,0.0691,True
logreg + Hierarchical_Only,rf + Baseline,0.0359,0.0162,0.0026,0.0691,True
logreg + Hierarchical_Only,rf + DBSCAN_Only,0.0359,0.0162,0.0026,0.0691,True
logreg + Hierarchical_Only,rf + Hierarchical+DBSCAN,0.0359,0.0162,0.0026,0.0691,True
logreg + Hierarchical_Only,rf + Hierarchical_Only,0.0359,0.0162,0.0026,0.0691,True
logreg + Hierarchical_Only,rf + KMeans+DBSCAN,0.0359,0.0162,0.0026,0.0691,True
logreg + Hierarchical_Only,rf + KMeans+Hierarchical,0.0359,0.0162,0.0026,0.0691,True
logreg + Hierarchical_Only,rf + KMeans_Only,0.0359,0.0162,0.0026,0.0691,True
logreg + Hierarchical_Only,svm + All_Clusters,-0.0064,1.0,-0.0396,0.0269,False
logreg + Hierarchical_Only,svm + Baseline,-0.0064,1.0,-0.0396,0.0269,False
logreg + Hierarchical_Only,svm + DBSCAN_Only,-0.0064,1.0,-0.0396,0.0269,False
logreg + Hierarchical_Only,svm + Hierarchical+DBSCAN,-0.0064,1.0,-0.0396,0.0269,False
logreg + Hierarchical_Only,svm + Hierarchical_Only,-0.0064,1.0,-0.0396,0.0269,False
logreg + Hierarchical_Only,svm + KMeans+DBSCAN,-0.0064,1.0,-0.0396,0.0269,False
logreg + Hierarchical_Only,svm + KMeans+Hierarchical,-0.0064,1.0,-0.0396,0.0269,False
logreg + Hierarchical_Only,svm + KMeans_Only,-0.0064,1.0,-0.0396,0.0269,False
logreg + Hierarchical_Only,xgboost + All_Clusters,0.0921,0.0,0.0589,0.1253,True
logreg + Hierarchical_Only,xgboost + Baseline,0.0921,0.0,0.0589,0.1253,True
logreg + Hierarchical_Only,xgboost + DBSCAN_Only,0.0921,0.0,0.0589,0.1253,True
logreg + Hierarchical_Only,xgboost + Hierarchical+DBSCAN,0.0921,0.0,0.0589,0.1253,True
logreg + Hierarchical_Only,xgboost + Hierarchical_Only,0.0921,0.0,0.0589,0.1253,True
logreg + Hierarchical_Only,xgboost + KMeans+DBSCAN,0.0921,0.0,0.0589,0.1253,True
logreg + Hierarchical_Only,xgboost + KMeans+Hierarchical,0.0921,0.0,0.0589,0.1253,True
logreg + Hierarchical_Only,xgboost + KMeans_Only,0.0921,0.0,0.0589,0.1253,True
logreg + KMeans+DBSCAN,logreg + KMeans+Hierarchical,0.0,1.0,-0.0332,0.0332,False
logreg + KMeans+DBSCAN,logreg + KMeans_Only,0.0,1.0,-0.0332,0.0332,False
logreg + KMeans+DBSCAN,naive_bayes + All_Clusters,-0.0033,1.0,-0.0365,0.03,False
logreg + KMeans+DBSCAN,naive_bayes + Baseline,-0.0033,1.0,-0.0365,0.03,False
logreg + KMeans+DBSCAN,naive_bayes + DBSCAN_Only,-0.0033,1.0,-0.0365,0.03,False
logreg + KMeans+DBSCAN,naive_bayes + Hierarchical+DBSCAN,-0.0033,1.0,-0.0365,0.03,False
logreg + KMeans+DBSCAN,naive_bayes + Hierarchical_Only,-0.0033,1.0,-0.0365,0.03,False
logreg + KMeans+DBSCAN,naive_bayes + KMeans+DBSCAN,-0.0033,1.0,-0.0365,0.03,False
logreg + KMeans+DBSCAN,naive_bayes + KMeans+Hierarchical,-0.0033,1.0,-0.0365,0.03,False
logreg + KMeans+DBSCAN,naive_bayes + KMeans_Only,-0.0033,1.0,-0.0365,0.03,False
logreg + KMeans+DBSCAN,neural_net + All_Clusters,0.0003,1.0,-0.033,0.0335,False
logreg + KMeans+DBSCAN,neural_net + Baseline,-0.0024,1.0,-0.0356,0.0309,False
logreg + KMeans+DBSCAN,neural_net + DBSCAN_Only,0.0009,1.0,-0.0323,0.0341,False
logreg + KMeans+DBSCAN,neural_net + Hierarchical+DBSCAN,-0.0021,1.0,-0.0353,0.0312,False
logreg + KMeans+DBSCAN,neural_net + Hierarchical_Only,-0.0029,1.0,-0.0362,0.0303,False
logreg + KMeans+DBSCAN,neural_net + KMeans+DBSCAN,0.0002,1.0,-0.033,0.0334,False
logreg + KMeans+DBSCAN,neural_net + KMeans+Hierarchical,-0.0042,1.0,-0.0374,0.029,False
logreg + KMeans+DBSCAN,neural_net + KMeans_Only,-0.0005,1.0,-0.0337,0.0327,False
logreg + KMeans+DBSCAN,rf + All_Clusters,0.0359,0.0162,0.0026,0.0691,True
logreg + KMeans+DBSCAN,rf + Baseline,0.0359,0.0162,0.0026,0.0691,True
logreg + KMeans+DBSCAN,rf + DBSCAN_Only,0.0359,0.0162,0.0026,0.0691,True
logreg + KMeans+DBSCAN,rf + Hierarchical+DBSCAN,0.0359,0.0162,0.0026,0.0691,True
logreg + KMeans+DBSCAN,rf + Hierarchical_Only,0.0359,0.0162,0.0026,0.0691,True
logreg + KMeans+DBSCAN,rf + KMeans+DBSCAN,0.0359,0.0162,0.0026,0.0691,True
logreg + KMeans+DBSCAN,rf + KMeans+Hierarchical,0.0359,0.0162,0.0026,0.0691,True
logreg + KMeans+DBSCAN,rf + KMeans_Only,0.0359,0.0162,0.0026,0.0691,True
logreg + KMeans+DBSCAN,svm + All_Clusters,-0.0064,1.0,-0.0396,0.0269,False
logreg + KMeans+DBSCAN,svm + Baseline,-0.0064,1.0,-0.0396,0.0269,False
logreg + KMeans+DBSCAN,svm + DBSCAN_Only,-0.0064,1.0,-0.0396,0.0269,False
logreg + KMeans+DBSCAN,svm + Hierarchical+DBSCAN,-0.0064,1.0,-0.0396,0.0269,False
logreg + KMeans+DBSCAN,svm + Hierarchical_Only,-0.0064,1.0,-0.0396,0.0269,False
logreg + KMeans+DBSCAN,svm + KMeans+DBSCAN,-0.0064,1.0,-0.0396,0.0269,False
logreg + KMeans+DBSCAN,svm + KMeans+Hierarchical,-0.0064,1.0,-0.0396,0.0269,False
logreg + KMeans+DBSCAN,svm + KMeans_Only,-0.0064,1.0,-0.0396,0.0269,False
logreg + KMeans+DBSCAN,xgboost + All_Clusters,0.0921,0.0,0.0589,0.1253,True
logreg + KMeans+DBSCAN,xgboost + Baseline,0.0921,0.0,0.0589,0.1253,True
logreg + KMeans+DBSCAN,xgboost + DBSCAN_Only,0.0921,0.0,0.0589,0.1253,True
logreg + KMeans+DBSCAN,xgboost + Hierarchical+DBSCAN,0.0921,0.0,0.0589,0.1253,True
logreg + KMeans+DBSCAN,xgboost + Hierarchical_Only,0.0921,0.0,0.0589,0.1253,True
logreg + KMeans+DBSCAN,xgboost + KMeans+DBSCAN,0.0921,0.0,0.0589,0.1253,True
logreg + KMeans+DBSCAN,xgboost + KMeans+Hierarchical,0.0921,0.0,0.0589,0.1253,True
logreg + KMeans+DBSCAN,xgboost + KMeans_Only,0.0921,0.0,0.0589,0.1253,True
logreg + KMeans+Hierarchical,logreg + KMeans_Only,0.0,1.0,-0.0332,0.0332,False
logreg + KMeans+Hierarchical,naive_bayes + All_Clusters,-0.0033,1.0,-0.0365,0.03,False
logreg + KMeans+Hierarchical,naive_bayes + Baseline,-0.0033,1.0,-0.0365,0.03,False
logreg + KMeans+Hierarchical,naive_bayes + DBSCAN_Only,-0.0033,1.0,-0.0365,0.03,False
logreg + KMeans+Hierarchical,naive_bayes + Hierarchical+DBSCAN,-0.0033,1.0,-0.0365,0.03,False
logreg + KMeans+Hierarchical,naive_bayes + Hierarchical_Only,-0.0033,1.0,-0.0365,0.03,False
logreg + KMeans+Hierarchical,naive_bayes + KMeans+DBSCAN,-0.0033,1.0,-0.0365,0.03,False
logreg + KMeans+Hierarchical,naive_bayes + KMeans+Hierarchical,-0.0033,1.0,-0.0365,0.03,False
logreg + KMeans+Hierarchical,naive_bayes + KMeans_Only,-0.0033,1.0,-0.0365,0.03,False
logreg + KMeans+Hierarchical,neural_net + All_Clusters,0.0003,1.0,-0.033,0.0335,False
logreg + KMeans+Hierarchical,neural_net + Baseline,-0.0024,1.0,-0.0356,0.0309,False
logreg + KMeans+Hierarchical,neural_net + DBSCAN_Only,0.0009,1.0,-0.0323,0.0341,False
logreg + KMeans+Hierarchical,neural_net + Hierarchical+DBSCAN,-0.0021,1.0,-0.0353,0.0312,False
logreg + KMeans+Hierarchical,neural_net + Hierarchical_Only,-0.0029,1.0,-0.0362,0.0303,False
logreg + KMeans+Hierarchical,neural_net + KMeans+DBSCAN,0.0002,1.0,-0.033,0.0334,False
logreg + KMeans+Hierarchical,neural_net + KMeans+Hierarchical,-0.0042,1.0,-0.0374,0.029,False
logreg + KMeans+Hierarchical,neural_net + KMeans_Only,-0.0005,1.0,-0.0337,0.0327,False
logreg + KMeans+Hierarchical,rf + All_Clusters,0.0359,0.0162,0.0026,0.0691,True
logreg + KMeans+Hierarchical,rf + Baseline,0.0359,0.0162,0.0026,0.0691,True
logreg + KMeans+Hierarchical,rf + DBSCAN_Only,0.0359,0.0162,0.0026,0.0691,True
logreg + KMeans+Hierarchical,rf + Hierarchical+DBSCAN,0.0359,0.0162,0.0026,0.0691,True
logreg + KMeans+Hierarchical,rf + Hierarchical_Only,0.0359,0.0162,0.0026,0.0691,True
logreg + KMeans+Hierarchical,rf + KMeans+DBSCAN,0.0359,0.0162,0.0026,0.0691,True
logreg + KMeans+Hierarchical,rf + KMeans+Hierarchical,0.0359,0.0162,0.0026,0.0691,True
logreg + KMeans+Hierarchical,rf + KMeans_Only,0.0359,0.0162,0.0026,0.0691,True
logreg + KMeans+Hierarchical,svm + All_Clusters,-0.0064,1.0,-0.0396,0.0269,False
logreg + KMeans+Hierarchical,svm + Baseline,-0.0064,1.0,-0.0396,0.0269,False
logreg + KMeans+Hierarchical,svm + DBSCAN_Only,-0.0064,1.0,-0.0396,0.0269,False
logreg + KMeans+Hierarchical,svm + Hierarchical+DBSCAN,-0.0064,1.0,-0.0396,0.0269,False
logreg + KMeans+Hierarchical,svm + Hierarchical_Only,-0.0064,1.0,-0.0396,0.0269,False
logreg + KMeans+Hierarchical,svm + KMeans+DBSCAN,-0.0064,1.0,-0.0396,0.0269,False
logreg + KMeans+Hierarchical,svm + KMeans+Hierarchical,-0.0064,1.0,-0.0396,0.0269,False
logreg + KMeans+Hierarchical,svm + KMeans_Only,-0.0064,1.0,-0.0396,0.0269,False
logreg + KMeans+Hierarchical,xgboost + All_Clusters,0.0921,0.0,0.0589,0.1253,True
logreg + KMeans+Hierarchical,xgboost + Baseline,0.0921,0.0,0.0589,0.1253,True
logreg + KMeans+Hierarchical,xgboost + DBSCAN_Only,0.0921,0.0,0.0589,0.1253,True
logreg + KMeans+Hierarchical,xgboost + Hierarchical+DBSCAN,0.0921,0.0,0.0589,0.1253,True
logreg + KMeans+Hierarchical,xgboost + Hierarchical_Only,0.0921,0.0,0.0589,0.1253,True
logreg + KMeans+Hierarchical,xgboost + KMeans+DBSCAN,0.0921,0.0,0.0589,0.1253,True
logreg + KMeans+Hierarchical,xgboost + KMeans+Hierarchical,0.0921,0.0,0.0589,0.1253,True
logreg + KMeans+Hierarchical,xgboost + KMeans_Only,0.0921,0.0,0.0589,0.1253,True
logreg + KMeans_Only,naive_bayes + All_Clusters,-0.0033,1.0,-0.0365,0.03,False
logreg + KMeans_Only,naive_bayes + Baseline,-0.0033,1.0,-0.0365,0.03,False
logreg + KMeans_Only,naive_bayes + DBSCAN_Only,-0.0033,1.0,-0.0365,0.03,False
logreg + KMeans_Only,naive_bayes + Hierarchical+DBSCAN,-0.0033,1.0,-0.0365,0.03,False
logreg + KMeans_Only,naive_bayes + Hierarchical_Only,-0.0033,1.0,-0.0365,0.03,False
logreg + KMeans_Only,naive_bayes + KMeans+DBSCAN,-0.0033,1.0,-0.0365,0.03,False
logreg + KMeans_Only,naive_bayes + KMeans+Hierarchical,-0.0033,1.0,-0.0365,0.03,False
logreg + KMeans_Only,naive_bayes + KMeans_Only,-0.0033,1.0,-0.0365,0.03,False
logreg + KMeans_Only,neural_net + All_Clusters,0.0003,1.0,-0.033,0.0335,False
logreg + KMeans_Only,neural_net + Baseline,-0.0024,1.0,-0.0356,0.0309,False
logreg + KMeans_Only,neural_net + DBSCAN_Only,0.0009,1.0,-0.0323,0.0341,False
logreg + KMeans_Only,neural_net + Hierarchical+DBSCAN,-0.0021,1.0,-0.0353,0.0312,False
logreg + KMeans_Only,neural_net + Hierarchical_Only,-0.0029,1.0,-0.0362,0.0303,False
logreg + KMeans_Only,neural_net + KMeans+DBSCAN,0.0002,1.0,-0.033,0.0334,False
logreg + KMeans_Only,neural_net + KMeans+Hierarchical,-0.0042,1.0,-0.0374,0.029,False
logreg + KMeans_Only,neural_net + KMeans_Only,-0.0005,1.0,-0.0337,0.0327,False
logreg + KMeans_Only,rf + All_Clusters,0.0359,0.0162,0.0026,0.0691,True
logreg + KMeans_Only,rf + Baseline,0.0359,0.0162,0.0026,0.0691,True
logreg + KMeans_Only,rf + DBSCAN_Only,0.0359,0.0162,0.0026,0.0691,True
logreg + KMeans_Only,rf + Hierarchical+DBSCAN,0.0359,0.0162,0.0026,0.0691,True
logreg + KMeans_Only,rf + Hierarchical_Only,0.0359,0.0162,0.0026,0.0691,True
logreg + KMeans_Only,rf + KMeans+DBSCAN,0.0359,0.0162,0.0026,0.0691,True
logreg + KMeans_Only,rf + KMeans+Hierarchical,0.0359,0.0162,0.0026,0.0691,True
logreg + KMeans_Only,rf + KMeans_Only,0.0359,0.0162,0.0026,0.0691,True
logreg + KMeans_Only,svm + All_Clusters,-0.0064,1.0,-0.0396,0.0269,False
logreg + KMeans_Only,svm + Baseline,-0.0064,1.0,-0.0396,0.0269,False
logreg + KMeans_Only,svm + DBSCAN_Only,-0.0064,1.0,-0.0396,0.0269,False
logreg + KMeans_Only,svm + Hierarchical+DBSCAN,-0.0064,1.0,-0.0396,0.0269,False
logreg + KMeans_Only,svm + Hierarchical_Only,-0.0064,1.0,-0.0396,0.0269,False
logreg + KMeans_Only,svm + KMeans+DBSCAN,-0.0064,1.0,-0.0396,0.0269,False
logreg + KMeans_Only,svm + KMeans+Hierarchical,-0.0064,1.0,-0.0396,0.0269,False
logreg + KMeans_Only,svm + KMeans_Only,-0.0064,1.0,-0.0396,0.0269,False
logreg + KMeans_Only,xgboost + All_Clusters,0.0921,0.0,0.0589,0.1253,True
logreg + KMeans_Only,xgboost + Baseline,0.0921,0.0,0.0589,0.1253,True
logreg + KMeans_Only,xgboost + DBSCAN_Only,0.0921,0.0,0.0589,0.1253,True
logreg + KMeans_Only,xgboost + Hierarchical+DBSCAN,0.0921,0.0,0.0589,0.1253,True
logreg + KMeans_Only,xgboost + Hierarchical_Only,0.0921,0.0,0.0589,0.1253,True
logreg + KMeans_Only,xgboost + KMeans+DBSCAN,0.0921,0.0,0.0589,0.1253,True
logreg + KMeans_Only,xgboost + KMeans+Hierarchical,0.0921,0.0,0.0589,0.1253,True
logreg + KMeans_Only,xgboost + KMeans_Only,0.0921,0.0,0.0589,0.1253,True
naive_bayes + All_Clusters,naive_bayes + Baseline,-0.0,1.0,-0.0332,0.0332,False
naive_bayes + All_Clusters,naive_bayes + DBSCAN_Only,-0.0,1.0,-0.0332,0.0332,False
naive_bayes + All_Clusters,naive_bayes + Hierarchical+DBSCAN,-0.0,1.0,-0.0332,0.0332,False
naive_bayes + All_Clusters,naive_bayes + Hierarchical_Only,-0.0,1.0,-0.0332,0.0332,False
naive_bayes + All_Clusters,naive_bayes + KMeans+DBSCAN,-0.0,1.0,-0.0332,0.0332,False
naive_bayes + All_Clusters,naive_bayes + KMeans+Hierarchical,-0.0,1.0,-0.0332,0.0332,False
naive_bayes + All_Clusters,naive_bayes + KMeans_Only,-0.0,1.0,-0.0332,0.0332,False
naive_bayes + All_Clusters,neural_net + All_Clusters,0.0035,1.0,-0.0297,0.0367,False
naive_bayes + All_Clusters,neural_net + Baseline,0.0009,1.0,-0.0323,0.0341,False
naive_bayes + All_Clusters,neural_net + DBSCAN_Only,0.0042,1.0,-0.029,0.0374,False
naive_bayes + All_Clusters,neural_net + Hierarchical+DBSCAN,0.0012,1.0,-0.032,0.0344,False
naive_bayes + All_Clusters,neural_net + Hierarchical_Only,0.0003,1.0,-0.0329,0.0336,False
naive_bayes + All_Clusters,neural_net + KMeans+DBSCAN,0.0035,1.0,-0.0297,0.0367,False
naive_bayes + All_Clusters,neural_net + KMeans+Hierarchical,-0.0009,1.0,-0.0342,0.0323,False
naive_bayes + All_Clusters,neural_net + KMeans_Only,0.0027,1.0,-0.0305,0.036,False
naive_bayes + All_Clusters,rf + All_Clusters,0.0391,0.0034,0.0059,0.0724,True
naive_bayes + All_Clusters,rf + Baseline,0.0391,0.0034,0.0059,0.0724,True
naive_bayes + All_Clusters,rf + DBSCAN_Only,0.0391,0.0034,0.0059,0.0724,True
naive_bayes + All_Clusters,rf + Hierarchical+DBSCAN,0.0391,0.0034,0.0059,0.0724,True
naive_bayes + All_Clusters,rf + Hierarchical_Only,0.0391,0.0034,0.0059,0.0724,True
naive_bayes + All_Clusters,rf + KMeans+DBSCAN,0.0391,0.0034,0.0059,0.0724,True
naive_bayes + All_Clusters,rf + KMeans+Hierarchical,0.0391,0.0034,0.0059,0.0724,True
naive_bayes + All_Clusters,rf + KMeans_Only,0.0391,0.0034,0.0059,0.0724,True
naive_bayes + All_Clusters,svm + All_Clusters,-0.0031,1.0,-0.0363,0.0301,False
naive_bayes + All_Clusters,svm + Baseline,-0.0031,1.0,-0.0363,0.0301,False
naive_bayes + All_Clusters,svm + DBSCAN_Only,-0.0031,1.0,-0.0363,0.0301,False
naive_bayes + All_Clusters,svm + Hierarchical+DBSCAN,-0.0031,1.0,-0.0363,0.0301,False
naive_bayes + All_Clusters,svm + Hierarchical_Only,-0.0031,1.0,-0.0363,0.0301,False
naive_bayes + All_Clusters,svm + KMeans+DBSCAN,-0.0031,1.0,-0.0363,0.0301,False
naive_bayes + All_Clusters,svm + KMeans+Hierarchical,-0.0031,1.0,-0.0363,0.0301,False
naive_bayes + All_Clusters,svm + KMeans_Only,-0.0031,1.0,-0.0363,0.0301,False
naive_bayes + All_Clusters,xgboost + All_Clusters,0.0954,0.0,0.0621,0.1286,True
naive_bayes + All_Clusters,xgboost + Baseline,0.0954,0.0,0.0621,0.1286,True
naive_bayes + All_Clusters,xgboost + DBSCAN_Only,0.0954,0.0,0.0621,0.1286,True
naive_bayes + All_Clusters,xgboost + Hierarchical+DBSCAN,0.0954,0.0,0.0621,0.1286,True
naive_bayes + All_Clusters,xgboost + Hierarchical_Only,0.0954,0.0,0.0621,0.1286,True
naive_bayes + All_Clusters,xgboost + KMeans+DBSCAN,0.0954,0.0,0.0621,0.1286,True
naive_bayes + All_Clusters,xgboost + KMeans+Hierarchical,0.0954,0.0,0.0621,0.1286,True
naive_bayes + All_Clusters,xgboost + KMeans_Only,0.0954,0.0,0.0621,0.1286,True
naive_bayes + Baseline,naive_bayes + DBSCAN_Only,-0.0,1.0,-0.0332,0.0332,False
naive_bayes + Baseline,naive_bayes + Hierarchical+DBSCAN,0.0,1.0,-0.0332,0.0332,False
naive_bayes + Baseline,naive_bayes + Hierarchical_Only,-0.0,1.0,-0.0332,0.0332,False
naive_bayes + Baseline,naive_bayes + KMeans+DBSCAN,-0.0,1.0,-0.0332,0.0332,False
naive_bayes + Baseline,naive_bayes + KMeans+Hierarchical,-0.0,1.0,-0.0332,0.0332,False
naive_bayes + Baseline,naive_bayes + KMeans_Only,0.0,1.0,-0.0332,0.0332,False
naive_bayes + Baseline,neural_net + All_Clusters,0.0035,1.0,-0.0297,0.0367,False
naive_bayes + Baseline,neural_net + Baseline,0.0009,1.0,-0.0323,0.0341,False
naive_bayes + Baseline,neural_net + DBSCAN_Only,0.0042,1.0,-0.029,0.0374,False
naive_bayes + Baseline,neural_net + Hierarchical+DBSCAN,0.0012,1.0,-0.032,0.0344,False
naive_bayes + Baseline,neural_net + Hierarchical_Only,0.0003,1.0,-0.0329,0.0336,False
naive_bayes + Baseline,neural_net + KMeans+DBSCAN,0.0035,1.0,-0.0297,0.0367,False
naive_bayes + Baseline,neural_net + KMeans+Hierarchical,-0.0009,1.0,-0.0342,0.0323,False
naive_bayes + Baseline,neural_net + KMeans_Only,0.0027,1.0,-0.0305,0.036,False
naive_bayes + Baseline,rf + All_Clusters,0.0391,0.0034,0.0059,0.0724,True
naive_bayes + Baseline,rf + Baseline,0.0391,0.0034,0.0059,0.0724,True
naive_bayes + Baseline,rf + DBSCAN_Only,0.0391,0.0034,0.0059,0.0724,True
naive_bayes + Baseline,rf + Hierarchical+DBSCAN,0.0391,0.0034,0.0059,0.0724,True
naive_bayes + Baseline,rf + Hierarchical_Only,0.0391,0.0034,0.0059,0.0724,True
naive_bayes + Baseline,rf + KMeans+DBSCAN,0.0391,0.0034,0.0059,0.0724,True
naive_bayes + Baseline,rf + KMeans+Hierarchical,0.0391,0.0034,0.0059,0.0724,True
naive_bayes + Baseline,rf + KMeans_Only,0.0391,0.0034,0.0059,0.0724,True
naive_bayes + Baseline,svm + All_Clusters,-0.0031,1.0,-0.0363,0.0301,False
naive_bayes + Baseline,svm + Baseline,-0.0031,1.0,-0.0363,0.0301,False
naive_bayes + Baseline,svm + DBSCAN_Only,-0.0031,1.0,-0.0363,0.0301,False
naive_bayes + Baseline,svm + Hierarchical+DBSCAN,-0.0031,1.0,-0.0363,0.0301,False
naive_bayes + Baseline,svm + Hierarchical_Only,-0.0031,1.0,-0.0363,0.0301,False
naive_bayes + Baseline,svm + KMeans+DBSCAN,-0.0031,1.0,-0.0363,0.0301,False
naive_bayes + Baseline,svm + KMeans+Hierarchical,-0.0031,1.0,-0.0363,0.0301,False
naive_bayes + Baseline,svm + KMeans_Only,-0.0031,1.0,-0.0363,0.0301,False
naive_bayes + Baseline,xgboost + All_Clusters,0.0954,0.0,0.0621,0.1286,True
naive_bayes + Baseline,xgboost + Baseline,0.0954,0.0,0.0621,0.1286,True
naive_bayes + Baseline,xgboost + DBSCAN_Only,0.0954,0.0,0.0621,0.1286,True
naive_bayes + Baseline,xgboost + Hierarchical+DBSCAN,0.0954,0.0,0.0621,0.1286,True
naive_bayes + Baseline,xgboost + Hierarchical_Only,0.0954,0.0,0.0621,0.1286,True
naive_bayes + Baseline,xgboost + KMeans+DBSCAN,0.0954,0.0,0.0621,0.1286,True
naive_bayes + Baseline,xgboost + KMeans+Hierarchical,0.0954,0.0,0.0621,0.1286,True
naive_bayes + Baseline,xgboost + KMeans_Only,0.0954,0.0,0.0621,0.1286,True
naive_bayes + DBSCAN_Only,naive_bayes + Hierarchical+DBSCAN,0.0,1.0,-0.0332,0.0332,False
naive_bayes + DBSCAN_Only,naive_bayes + Hierarchical_Only,0.0,1.0,-0.0332,0.0332,False
naive_bayes + DBSCAN_Only,naive_bayes + KMeans+DBSCAN,-0.0,1.0,-0.0332,0.0332,False
naive_bayes + DBSCAN_Only,naive_bayes + KMeans+Hierarchical,0.0,1.0,-0.0332,0.0332,False
naive_bayes + DBSCAN_Only,naive_bayes + KMeans_Only,0.0,1.0,-0.0332,0.0332,False
naive_bayes + DBSCAN_Only,neural_net + All_Clusters,0.0035,1.0,-0.0297,0.0367,False
naive_bayes + DBSCAN_Only,neural_net + Baseline,0.0009,1.0,-0.0323,0.0341,False
naive_bayes + DBSCAN_Only,neural_net + DBSCAN_Only,0.0042,1.0,-0.029,0.0374,False
naive_bayes + DBSCAN_Only,neural_net + Hierarchical+DBSCAN,0.0012,1.0,-0.032,0.0344,False
naive_bayes + DBSCAN_Only,neural_net + Hierarchical_Only,0.0003,1.0,-0.0329,0.0336,False
naive_bayes + DBSCAN_Only,neural_net + KMeans+DBSCAN,0.0035,1.0,-0.0297,0.0367,False
naive_bayes + DBSCAN_Only,neural_net + KMeans+Hierarchical,-0.0009,1.0,-0.0342,0.0323,False
naive_bayes + DBSCAN_Only,neural_net + KMeans_Only,0.0027,1.0,-0.0305,0.036,False
naive_bayes + DBSCAN_Only,rf + All_Clusters,0.0391,0.0034,0.0059,0.0724,True
naive_bayes + DBSCAN_Only,rf + Baseline,0.0391,0.0034,0.0059,0.0724,True
naive_bayes + DBSCAN_Only,rf + DBSCAN_Only,0.0391,0.0034,0.0059,0.0724,True
naive_bayes + DBSCAN_Only,rf + Hierarchical+DBSCAN,0.0391,0.0034,0.0059,0.0724,True
naive_bayes + DBSCAN_Only,rf + Hierarchical_Only,0.0391,0.0034,0.0059,0.0724,True
naive_bayes + DBSCAN_Only,rf + KMeans+DBSCAN,0.0391,0.0034,0.0059,0.0724,True
naive_bayes + DBSCAN_Only,rf + KMeans+Hierarchical,0.0391,0.0034,0.0059,0.0724,True
naive_bayes + DBSCAN_Only,rf + KMeans_Only,0.0391,0.0034,0.0059,0.0724,True
naive_bayes + DBSCAN_Only,svm + All_Clusters,-0.0031,1.0,-0.0363,0.0301,False
naive_bayes + DBSCAN_Only,svm + Baseline,-0.0031,1.0,-0.0363,0.0301,False
naive_bayes + DBSCAN_Only,svm + DBSCAN_Only,-0.0031,1.0,-0.0363,0.0301,False
naive_bayes + DBSCAN_Only,svm + Hierarchical+DBSCAN,-0.0031,1.0,-0.0363,0.0301,False
naive_bayes + DBSCAN_Only,svm + Hierarchical_Only,-0.0031,1.0,-0.0363,0.0301,False
naive_bayes + DBSCAN_Only,svm + KMeans+DBSCAN,-0.0031,1.0,-0.0363,0.0301,False
naive_bayes + DBSCAN_Only,svm + KMeans+Hierarchical,-0.0031,1.0,-0.0363,0.0301,False
naive_bayes + DBSCAN_Only,svm + KMeans_Only,-0.0031,1.0,-0.0363,0.0301,False
naive_bayes + DBSCAN_Only,xgboost + All_Clusters,0.0954,0.0,0.0621,0.1286,True
naive_bayes + DBSCAN_Only,xgboost + Baseline,0.0954,0.0,0.0621,0.1286,True
naive_bayes + DBSCAN_Only,xgboost + DBSCAN_Only,0.0954,0.0,0.0621,0.1286,True
naive_bayes + DBSCAN_Only,xgboost + Hierarchical+DBSCAN,0.0954,0.0,0.0621,0.1286,True
naive_bayes + DBSCAN_Only,xgboost + Hierarchical_Only,0.0954,0.0,0.0621,0.1286,True
naive_bayes + DBSCAN_Only,xgboost + KMeans+DBSCAN,0.0954,0.0,0.0621,0.1286,True
naive_bayes + DBSCAN_Only,xgboost + KMeans+Hierarchical,0.0954,0.0,0.0621,0.1286,True
naive_bayes + DBSCAN_Only,xgboost + KMeans_Only,0.0954,0.0,0.0621,0.1286,True
naive_bayes + Hierarchical+DBSCAN,naive_bayes + Hierarchical_Only,-0.0,1.0,-0.0332,0.0332,False
naive_bayes + Hierarchical+DBSCAN,naive_bayes + KMeans+DBSCAN,-0.0,1.0,-0.0332,0.0332,False
naive_bayes + Hierarchical+DBSCAN,naive_bayes + KMeans+Hierarchical,-0.0,1.0,-0.0332,0.0332,False
naive_bayes + Hierarchical+DBSCAN,naive_bayes + KMeans_Only,-0.0,1.0,-0.0332,0.0332,False
naive_bayes + Hierarchical+DBSCAN,neural_net + All_Clusters,0.0035,1.0,-0.0297,0.0367,False
naive_bayes + Hierarchical+DBSCAN,neural_net + Baseline,0.0009,1.0,-0.0323,0.0341,False
naive_bayes + Hierarchical+DBSCAN,neural_net + DBSCAN_Only,0.0042,1.0,-0.029,0.0374,False
naive_bayes + Hierarchical+DBSCAN,neural_net + Hierarchical+DBSCAN,0.0012,1.0,-0.032,0.0344,False
naive_bayes + Hierarchical+DBSCAN,neural_net + Hierarchical_Only,0.0003,1.0,-0.0329,0.0336,False
naive_bayes + Hierarchical+DBSCAN,neural_net + KMeans+DBSCAN,0.0035,1.0,-0.0297,0.0367,False
naive_bayes + Hierarchical+DBSCAN,neural_net + KMeans+Hierarchical,-0.0009,1.0,-0.0342,0.0323,False
naive_bayes + Hierarchical+DBSCAN,neural_net + KMeans_Only,0.0027,1.0,-0.0305,0.036,False
naive_bayes + Hierarchical+DBSCAN,rf + All_Clusters,0.0391,0.0034,0.0059,0.0724,True
naive_bayes + Hierarchical+DBSCAN,rf + Baseline,0.0391,0.0034,0.0059,0.0724,True
naive_bayes + Hierarchical+DBSCAN,rf + DBSCAN_Only,0.0391,0.0034,0.0059,0.0724,True
naive_bayes + Hierarchical+DBSCAN,rf + Hierarchical+DBSCAN,0.0391,0.0034,0.0059,0.0724,True
naive_bayes + Hierarchical+DBSCAN,rf + Hierarchical_Only,0.0391,0.0034,0.0059,0.0724,True
naive_bayes + Hierarchical+DBSCAN,rf + KMeans+DBSCAN,0.0391,0.0034,0.0059,0.0724,True
naive_bayes + Hierarchical+DBSCAN,rf + KMeans+Hierarchical,0.0391,0.0034,0.0059,0.0724,True
naive_bayes + Hierarchical+DBSCAN,rf + KMeans_Only,0.0391,0.0034,0.0059,0.0724,True
naive_bayes + Hierarchical+DBSCAN,svm + All_Clusters,-0.0031,1.0,-0.0363,0.0301,False
naive_bayes + Hierarchical+DBSCAN,svm + Baseline,-0.0031,1.0,-0.0363,0.0301,False
naive_bayes + Hierarchical+DBSCAN,svm + DBSCAN_Only,-0.0031,1.0,-0.0363,0.0301,False
naive_bayes + Hierarchical+DBSCAN,svm + Hierarchical+DBSCAN,-0.0031,1.0,-0.0363,0.0301,False
naive_bayes + Hierarchical+DBSCAN,svm + Hierarchical_Only,-0.0031,1.0,-0.0363,0.0301,False
naive_bayes + Hierarchical+DBSCAN,svm + KMeans+DBSCAN,-0.0031,1.0,-0.0363,0.0301,False
naive_bayes + Hierarchical+DBSCAN,svm + KMeans+Hierarchical,-0.0031,1.0,-0.0363,0.0301,False
naive_bayes + Hierarchical+DBSCAN,svm + KMeans_Only,-0.0031,1.0,-0.0363,0.0301,False
naive_bayes + Hierarchical+DBSCAN,xgboost + All_Clusters,0.0954,0.0,0.0621,0.1286,True
naive_bayes + Hierarchical+DBSCAN,xgboost + Baseline,0.0954,0.0,0.0621,0.1286,True
naive_bayes + Hierarchical+DBSCAN,xgboost + DBSCAN_Only,0.0954,0.0,0.0621,0.1286,True
naive_bayes + Hierarchical+DBSCAN,xgboost + Hierarchical+DBSCAN,0.0954,0.0,0.0621,0.1286,True
naive_bayes + Hierarchical+DBSCAN,xgboost + Hierarchical_Only,0.0954,0.0,0.0621,0.1286,True
naive_bayes + Hierarchical+DBSCAN,xgboost + KMeans+DBSCAN,0.0954,0.0,0.0621,0.1286,True
naive_bayes + Hierarchical+DBSCAN,xgboost + KMeans+Hierarchical,0.0954,0.0,0.0621,0.1286,True
naive_bayes + Hierarchical+DBSCAN,xgboost + KMeans_Only,0.0954,0.0,0.0621,0.1286,True
naive_bayes + Hierarchical_Only,naive_bayes + KMeans+DBSCAN,-0.0,1.0,-0.0332,0.0332,False
naive_bayes + Hierarchical_Only,naive_bayes + KMeans+Hierarchical,0.0,1.0,-0.0332,0.0332,False
naive_bayes + Hierarchical_Only,naive_bayes + KMeans_Only,0.0,1.0,-0.0332,0.0332,False
naive_bayes + Hierarchical_Only,neural_net + All_Clusters,0.0035,1.0,-0.0297,0.0367,False
naive_bayes + Hierarchical_Only,neural_net + Baseline,0.0009,1.0,-0.0323,0.0341,False
naive_bayes + Hierarchical_Only,neural_net + DBSCAN_Only,0.0042,1.0,-0.029,0.0374,False
naive_bayes + Hierarchical_Only,neural_net + Hierarchical+DBSCAN,0.0012,1.0,-0.032,0.0344,False
naive_bayes + Hierarchical_Only,neural_net + Hierarchical_Only,0.0003,1.0,-0.0329,0.0336,False
naive_bayes + Hierarchical_Only,neural_net + KMeans+DBSCAN,0.0035,1.0,-0.0297,0.0367,False
naive_bayes + Hierarchical_Only,neural_net + KMeans+Hierarchical,-0.0009,1.0,-0.0342,0.0323,False
naive_bayes + Hierarchical_Only,neural_net + KMeans_Only,0.0027,1.0,-0.0305,0.036,False
naive_bayes + Hierarchical_Only,rf + All_Clusters,0.0391,0.0034,0.0059,0.0724,True
naive_bayes + Hierarchical_Only,rf + Baseline,0.0391,0.0034,0.0059,0.0724,True
naive_bayes + Hierarchical_Only,rf + DBSCAN_Only,0.0391,0.0034,0.0059,0.0724,True
naive_bayes + Hierarchical_Only,rf + Hierarchical+DBSCAN,0.0391,0.0034,0.0059,0.0724,True
naive_bayes + Hierarchical_Only,rf + Hierarchical_Only,0.0391,0.0034,0.0059,0.0724,True
naive_bayes + Hierarchical_Only,rf + KMeans+DBSCAN,0.0391,0.0034,0.0059,0.0724,True
naive_bayes + Hierarchical_Only,rf + KMeans+Hierarchical,0.0391,0.0034,0.0059,0.0724,True
naive_bayes + Hierarchical_Only,rf + KMeans_Only,0.0391,0.0034,0.0059,0.0724,True
naive_bayes + Hierarchical_Only,svm + All_Clusters,-0.0031,1.0,-0.0363,0.0301,False
naive_bayes + Hierarchical_Only,svm + Baseline,-0.0031,1.0,-0.0363,0.0301,False
naive_bayes + Hierarchical_Only,svm + DBSCAN_Only,-0.0031,1.0,-0.0363,0.0301,False
naive_bayes + Hierarchical_Only,svm + Hierarchical+DBSCAN,-0.0031,1.0,-0.0363,0.0301,False
naive_bayes + Hierarchical_Only,svm + Hierarchical_Only,-0.0031,1.0,-0.0363,0.0301,False
naive_bayes + Hierarchical_Only,svm + KMeans+DBSCAN,-0.0031,1.0,-0.0363,0.0301,False
naive_bayes + Hierarchical_Only,svm + KMeans+Hierarchical,-0.0031,1.0,-0.0363,0.0301,False
naive_bayes + Hierarchical_Only,svm + KMeans_Only,-0.0031,1.0,-0.0363,0.0301,False
naive_bayes + Hierarchical_Only,xgboost + All_Clusters,0.0954,0.0,0.0621,0.1286,True
naive_bayes + Hierarchical_Only,xgboost + Baseline,0.0954,0.0,0.0621,0.1286,True
naive_bayes + Hierarchical_Only,xgboost + DBSCAN_Only,0.0954,0.0,0.0621,0.1286,True
naive_bayes + Hierarchical_Only,xgboost + Hierarchical+DBSCAN,0.0954,0.0,0.0621,0.1286,True
naive_bayes + Hierarchical_Only,xgboost + Hierarchical_Only,0.0954,0.0,0.0621,0.1286,True
naive_bayes + Hierarchical_Only,xgboost + KMeans+DBSCAN,0.0954,0.0,0.0621,0.1286,True
naive_bayes + Hierarchical_Only,xgboost + KMeans+Hierarchical,0.0954,0.0,0.0621,0.1286,True
naive_bayes + Hierarchical_Only,xgboost + KMeans_Only,0.0954,0.0,0.0621,0.1286,True
naive_bayes + KMeans+DBSCAN,naive_bayes + KMeans+Hierarchical,0.0,1.0,-0.0332,0.0332,False
naive_bayes + KMeans+DBSCAN,naive_bayes + KMeans_Only,0.0,1.0,-0.0332,0.0332,False
naive_bayes + KMeans+DBSCAN,neural_net + All_Clusters,0.0035,1.0,-0.0297,0.0367,False
naive_bayes + KMeans+DBSCAN,neural_net + Baseline,0.0009,1.0,-0.0323,0.0341,False
naive_bayes + KMeans+DBSCAN,neural_net + DBSCAN_Only,0.0042,1.0,-0.029,0.0374,False
naive_bayes + KMeans+DBSCAN,neural_net + Hierarchical+DBSCAN,0.0012,1.0,-0.032,0.0344,False
naive_bayes + KMeans+DBSCAN,neural_net + Hierarchical_Only,0.0003,1.0,-0.0329,0.0336,False
naive_bayes + KMeans+DBSCAN,neural_net + KMeans+DBSCAN,0.0035,1.0,-0.0297,0.0367,False
naive_bayes + KMeans+DBSCAN,neural_net + KMeans+Hierarchical,-0.0009,1.0,-0.0342,0.0323,False
naive_bayes + KMeans+DBSCAN,neural_net + KMeans_Only,0.0027,1.0,-0.0305,0.036,False
naive_bayes + KMeans+DBSCAN,rf + All_Clusters,0.0391,0.0034,0.0059,0.0724,True
naive_bayes + KMeans+DBSCAN,rf + Baseline,0.0391,0.0034,0.0059,0.0724,True
naive_bayes + KMeans+DBSCAN,rf + DBSCAN_Only,0.0391,0.0034,0.0059,0.0724,True
naive_bayes + KMeans+DBSCAN,rf + Hierarchical+DBSCAN,0.0391,0.0034,0.0059,0.0724,True
naive_bayes + KMeans+DBSCAN,rf + Hierarchical_Only,0.0391,0.0034,0.0059,0.0724,True
naive_bayes + KMeans+DBSCAN,rf + KMeans+DBSCAN,0.0391,0.0034,0.0059,0.0724,True
naive_bayes + KMeans+DBSCAN,rf + KMeans+Hierarchical,0.0391,0.0034,0.0059,0.0724,True
naive_bayes + KMeans+DBSCAN,rf + KMeans_Only,0.0391,0.0034,0.0059,0.0724,True
naive_bayes + KMeans+DBSCAN,svm + All_Clusters,-0.0031,1.0,-0.0363,0.0301,False
naive_bayes + KMeans+DBSCAN,svm + Baseline,-0.0031,1.0,-0.0363,0.0301,False
naive_bayes + KMeans+DBSCAN,svm + DBSCAN_Only,-0.0031,1.0,-0.0363,0.0301,False
naive_bayes + KMeans+DBSCAN,svm + Hierarchical+DBSCAN,-0.0031,1.0,-0.0363,0.0301,False
naive_bayes + KMeans+DBSCAN,svm + Hierarchical_Only,-0.0031,1.0,-0.0363,0.0301,False
naive_bayes + KMeans+DBSCAN,svm + KMeans+DBSCAN,-0.0031,1.0,-0.0363,0.0301,False
naive_bayes + KMeans+DBSCAN,svm + KMeans+Hierarchical,-0.0031,1.0,-0.0363,0.0301,False
naive_bayes + KMeans+DBSCAN,svm + KMeans_Only,-0.0031,1.0,-0.0363,0.0301,False
naive_bayes + KMeans+DBSCAN,xgboost + All_Clusters,0.0954,0.0,0.0621,0.1286,True
naive_bayes + KMeans+DBSCAN,xgboost + Baseline,0.0954,0.0,0.0621,0.1286,True
naive_bayes + KMeans+DBSCAN,xgboost + DBSCAN_Only,0.0954,0.0,0.0621,0.1286,True
naive_bayes + KMeans+DBSCAN,xgboost + Hierarchical+DBSCAN,0.0954,0.0,0.0621,0.1286,True
naive_bayes + KMeans+DBSCAN,xgboost + Hierarchical_Only,0.0954,0.0,0.0621,0.1286,True
naive_bayes + KMeans+DBSCAN,xgboost + KMeans+DBSCAN,0.0954,0.0,0.0621,0.1286,True
naive_bayes + KMeans+DBSCAN,xgboost + KMeans+Hierarchical,0.0954,0.0,0.0621,0.1286,True
naive_bayes + KMeans+DBSCAN,xgboost + KMeans_Only,0.0954,0.0,0.0621,0.1286,True
naive_bayes + KMeans+Hierarchical,naive_bayes + KMeans_Only,0.0,1.0,-0.0332,0.0332,False
naive_bayes + KMeans+Hierarchical,neural_net + All_Clusters,0.0035,1.0,-0.0297,0.0367,False
naive_bayes + KMeans+Hierarchical,neural_net + Baseline,0.0009,1.0,-0.0323,0.0341,False
naive_bayes + KMeans+Hierarchical,neural_net + DBSCAN_Only,0.0042,1.0,-0.029,0.0374,False
naive_bayes + KMeans+Hierarchical,neural_net + Hierarchical+DBSCAN,0.0012,1.0,-0.032,0.0344,False
naive_bayes + KMeans+Hierarchical,neural_net + Hierarchical_Only,0.0003,1.0,-0.0329,0.0336,False
naive_bayes + KMeans+Hierarchical,neural_net + KMeans+DBSCAN,0.0035,1.0,-0.0297,0.0367,False
naive_bayes + KMeans+Hierarchical,neural_net + KMeans+Hierarchical,-0.0009,1.0,-0.0342,0.0323,False
naive_bayes + KMeans+Hierarchical,neural_net + KMeans_Only,0.0027,1.0,-0.0305,0.036,False
naive_bayes + KMeans+Hierarchical,rf + All_Clusters,0.0391,0.0034,0.0059,0.0724,True
naive_bayes + KMeans+Hierarchical,rf + Baseline,0.0391,0.0034,0.0059,0.0724,True
naive_bayes + KMeans+Hierarchical,rf + DBSCAN_Only,0.0391,0.0034,0.0059,0.0724,True
naive_bayes + KMeans+Hierarchical,rf + Hierarchical+DBSCAN,0.0391,0.0034,0.0059,0.0724,True
naive_bayes + KMeans+Hierarchical,rf + Hierarchical_Only,0.0391,0.0034,0.0059,0.0724,True
naive_bayes + KMeans+Hierarchical,rf + KMeans+DBSCAN,0.0391,0.0034,0.0059,0.0724,True
naive_bayes + KMeans+Hierarchical,rf + KMeans+Hierarchical,0.0391,0.0034,0.0059,0.0724,True
naive_bayes + KMeans+Hierarchical,rf + KMeans_Only,0.0391,0.0034,0.0059,0.0724,True
naive_bayes + KMeans+Hierarchical,svm + All_Clusters,-0.0031,1.0,-0.0363,0.0301,False
naive_bayes + KMeans+Hierarchical,svm + Baseline,-0.0031,1.0,-0.0363,0.0301,False
naive_bayes + KMeans+Hierarchical,svm + DBSCAN_Only,-0.0031,1.0,-0.0363,0.0301,False
naive_bayes + KMeans+Hierarchical,svm + Hierarchical+DBSCAN,-0.0031,1.0,-0.0363,0.0301,False
naive_bayes + KMeans+Hierarchical,svm + Hierarchical_Only,-0.0031,1.0,-0.0363,0.0301,False
naive_bayes + KMeans+Hierarchical,svm + KMeans+DBSCAN,-0.0031,1.0,-0.0363,0.0301,False
naive_bayes + KMeans+Hierarchical,svm + KMeans+Hierarchical,-0.0031,1.0,-0.0363,0.0301,False
naive_bayes + KMeans+Hierarchical,svm + KMeans_Only,-0.0031,1.0,-0.0363,0.0301,False
naive_bayes + KMeans+Hierarchical,xgboost + All_Clusters,0.0954,0.0,0.0621,0.1286,True
naive_bayes + KMeans+Hierarchical,xgboost + Baseline,0.0954,0.0,0.0621,0.1286,True
naive_bayes + KMeans+Hierarchical,xgboost + DBSCAN_Only,0.0954,0.0,0.0621,0.1286,True
naive_bayes + KMeans+Hierarchical,xgboost + Hierarchical+DBSCAN,0.0954,0.0,0.0621,0.1286,True
naive_bayes + KMeans+Hierarchical,xgboost + Hierarchical_Only,0.0954,0.0,0.0621,0.1286,True
naive_bayes + KMeans+Hierarchical,xgboost + KMeans+DBSCAN,0.0954,0.0,0.0621,0.1286,True
naive_bayes + KMeans+Hierarchical,xgboost + KMeans+Hierarchical,0.0954,0.0,0.0621,0.1286,True
naive_bayes + KMeans+Hierarchical,xgboost + KMeans_Only,0.0954,0.0,0.0621,0.1286,True
naive_bayes + KMeans_Only,neural_net + All_Clusters,0.0035,1.0,-0.0297,0.0367,False
naive_bayes + KMeans_Only,neural_net + Baseline,0.0009,1.0,-0.0323,0.0341,False
naive_bayes + KMeans_Only,neural_net + DBSCAN_Only,0.0042,1.0,-0.029,0.0374,False
naive_bayes + KMeans_Only,neural_net + Hierarchical+DBSCAN,0.0012,1.0,-0.032,0.0344,False
naive_bayes + KMeans_Only,neural_net + Hierarchical_Only,0.0003,1.0,-0.0329,0.0336,False
naive_bayes + KMeans_Only,neural_net + KMeans+DBSCAN,0.0035,1.0,-0.0297,0.0367,False
naive_bayes + KMeans_Only,neural_net + KMeans+Hierarchical,-0.0009,1.0,-0.0342,0.0323,False
naive_bayes + KMeans_Only,neural_net + KMeans_Only,0.0027,1.0,-0.0305,0.036,False
naive_bayes + KMeans_Only,rf + All_Clusters,0.0391,0.0034,0.0059,0.0724,True
naive_bayes + KMeans_Only,rf + Baseline,0.0391,0.0034,0.0059,0.0724,True
naive_bayes + KMeans_Only,rf + DBSCAN_Only,0.0391,0.0034,0.0059,0.0724,True
naive_bayes + KMeans_Only,rf + Hierarchical+DBSCAN,0.0391,0.0034,0.0059,0.0724,True
naive_bayes + KMeans_Only,rf + Hierarchical_Only,0.0391,0.0034,0.0059,0.0724,True
naive_bayes + KMeans_Only,rf + KMeans+DBSCAN,0.0391,0.0034,0.0059,0.0724,True
naive_bayes + KMeans_Only,rf + KMeans+Hierarchical,0.0391,0.0034,0.0059,0.0724,True
naive_bayes + KMeans_Only,rf + KMeans_Only,0.0391,0.0034,0.0059,0.0724,True
naive_bayes + KMeans_Only,svm + All_Clusters,-0.0031,1.0,-0.0363,0.0301,False
naive_bayes + KMeans_Only,svm + Baseline,-0.0031,1.0,-0.0363,0.0301,False
naive_bayes + KMeans_Only,svm + DBSCAN_Only,-0.0031,1.0,-0.0363,0.0301,False
naive_bayes + KMeans_Only,svm + Hierarchical+DBSCAN,-0.0031,1.0,-0.0363,0.0301,False
naive_bayes + KMeans_Only,svm + Hierarchical_Only,-0.0031,1.0,-0.0363,0.0301,False
naive_bayes + KMeans_Only,svm + KMeans+DBSCAN,-0.0031,1.0,-0.0363,0.0301,False
naive_bayes + KMeans_Only,svm + KMeans+Hierarchical,-0.0031,1.0,-0.0363,0.0301,False
naive_bayes + KMeans_Only,svm + KMeans_Only,-0.0031,1.0,-0.0363,0.0301,False
naive_bayes + KMeans_Only,xgboost + All_Clusters,0.0954,0.0,0.0621,0.1286,True
naive_bayes + KMeans_Only,xgboost + Baseline,0.0954,0.0,0.0621,0.1286,True
naive_bayes + KMeans_Only,xgboost + DBSCAN_Only,0.0954,0.0,0.0621,0.1286,True
naive_bayes + KMeans_Only,xgboost + Hierarchical+DBSCAN,0.0954,0.0,0.0621,0.1286,True
naive_bayes + KMeans_Only,xgboost + Hierarchical_Only,0.0954,0.0,0.0621,0.1286,True
naive_bayes + KMeans_Only,xgboost + KMeans+DBSCAN,0.0954,0.0,0.0621,0.1286,True
naive_bayes + KMeans_Only,xgboost + KMeans+Hierarchical,0.0954,0.0,0.0621,0.1286,True
naive_bayes + KMeans_Only,xgboost + KMeans_Only,0.0954,0.0,0.0621,0.1286,True
neural_net + All_Clusters,neural_net + Baseline,-0.0026,1.0,-0.0358,0.0306,False
neural_net + All_Clusters,neural_net + DBSCAN_Only,0.0007,1.0,-0.0326,0.0339,False
neural_net + All_Clusters,neural_net + Hierarchical+DBSCAN,-0.0023,1.0,-0.0356,0.0309,False
neural_net + All_Clusters,neural_net + Hierarchical_Only,-0.0032,1.0,-0.0364,0.0301,False
neural_net + All_Clusters,neural_net + KMeans+DBSCAN,-0.0,1.0,-0.0333,0.0332,False
neural_net + All_Clusters,neural_net + KMeans+Hierarchical,-0.0045,1.0,-0.0377,0.0288,False
neural_net + All_Clusters,neural_net + KMeans_Only,-0.0008,1.0,-0.034,0.0325,False
neural_net + All_Clusters,rf + All_Clusters,0.0356,0.0182,0.0024,0.0688,True
neural_net + All_Clusters,rf + Baseline,0.0356,0.0182,0.0024,0.0688,True
neural_net + All_Clusters,rf + DBSCAN_Only,0.0356,0.0182,0.0024,0.0688,True
neural_net + All_Clusters,rf + Hierarchical+DBSCAN,0.0356,0.0182,0.0024,0.0688,True
neural_net + All_Clusters,rf + Hierarchical_Only,0.0356,0.0182,0.0024,0.0688,True
neural_net + All_Clusters,rf + KMeans+DBSCAN,0.0356,0.0182,0.0024,0.0688,True
neural_net + All_Clusters,rf + KMeans+Hierarchical,0.0356,0.0182,0.0024,0.0688,True
neural_net + All_Clusters,rf + KMeans_Only,0.0356,0.0182,0.0024,0.0688,True
neural_net + All_Clusters,svm + All_Clusters,-0.0066,1.0,-0.0398,0.0266,False
neural_net + All_Clusters,svm + Baseline,-0.0066,1.0,-0.0398,0.0266,False
neural_net + All_Clusters,svm + DBSCAN_Only,-0.0066,1.0,-0.0398,0.0266,False
neural_net + All_Clusters,svm + Hierarchical+DBSCAN,-0.0066,1.0,-0.0398,0.0266,False
neural_net + All_Clusters,svm + Hierarchical_Only,-0.0066,1.0,-0.0398,0.0266,False
neural_net + All_Clusters,svm + KMeans+DBSCAN,-0.0066,1.0,-0.0398,0.0266,False
neural_net + All_Clusters,svm + KMeans+Hierarchical,-0.0066,1.0,-0.0398,0.0266,False
neural_net + All_Clusters,svm + KMeans_Only,-0.0066,1.0,-0.0398,0.0266,False
neural_net + All_Clusters,xgboost + All_Clusters,0.0919,0.0,0.0586,0.1251,True
neural_net + All_Clusters,xgboost + Baseline,0.0919,0.0,0.0586,0.1251,True
neural_net + All_Clusters,xgboost + DBSCAN_Only,0.0919,0.0,0.0586,0.1251,True
neural_net + All_Clusters,xgboost + Hierarchical+DBSCAN,0.0919,0.0,0.0586,0.1251,True
neural_net + All_Clusters,xgboost + Hierarchical_Only,0.0919,0.0,0.0586,0.1251,True
neural_net + All_Clusters,xgboost + KMeans+DBSCAN,0.0919,0.0,0.0586,0.1251,True
neural_net + All_Clusters,xgboost + KMeans+Hierarchical,0.0919,0.0,0.0586,0.1251,True
neural_net + All_Clusters,xgboost + KMeans_Only,0.0919,0.0,0.0586,0.1251,True
neural_net + Baseline,neural_net + DBSCAN_Only,0.0033,1.0,-0.03,0.0365,False
neural_net + Baseline,neural_net + Hierarchical+DBSCAN,0.0003,1.0,-0.0329,0.0335,False
neural_net + Baseline,neural_net + Hierarchical_Only,-0.0006,1.0,-0.0338,0.0327,False
neural_net + Baseline,neural_net + KMeans+DBSCAN,0.0026,1.0,-0.0307,0.0358,False
neural_net + Baseline,neural_net + KMeans+Hierarchical,-0.0019,1.0,-0.0351,0.0314,False
neural_net + Baseline,neural_net + KMeans_Only,0.0018,1.0,-0.0314,0.0351,False
neural_net + Baseline,rf + All_Clusters,0.0382,0.0053,0.005,0.0715,True
neural_net + Baseline,rf + Baseline,0.0382,0.0053,0.005,0.0715,True
neural_net + Baseline,rf + DBSCAN_Only,0.0382,0.0053,0.005,0.0715,True
neural_net + Baseline,rf + Hierarchical+DBSCAN,0.0382,0.0053,0.005,0.0715,True
neural_net + Baseline,rf + Hierarchical_Only,0.0382,0.0053,0.005,0.0715,True
neural_net + Baseline,rf + KMeans+DBSCAN,0.0382,0.0053,0.005,0.0715,True
neural_net + Baseline,rf + KMeans+Hierarchical,0.0382,0.0053,0.005,0.0715,True
neural_net + Baseline,rf + KMeans_Only,0.0382,0.0053,0.005,0.0715,True
neural_net + Baseline,svm + All_Clusters,-0.004,1.0,-0.0372,0.0292,False
neural_net + Baseline,svm + Baseline,-0.004,1.0,-0.0372,0.0292,False
neural_net + Baseline,svm + DBSCAN_Only,-0.004,1.0,-0.0372,0.0292,False
neural_net + Baseline,svm + Hierarchical+DBSCAN,-0.004,1.0,-0.0372,0.0292,False
neural_net + Baseline,svm + Hierarchical_Only,-0.004,1.0,-0.0372,0.0292,False
neural_net + Baseline,svm + KMeans+DBSCAN,-0.004,1.0,-0.0372,0.0292,False
neural_net + Baseline,svm + KMeans+Hierarchical,-0.004,1.0,-0.0372,0.0292,False
neural_net + Baseline,svm + KMeans_Only,-0.004,1.0,-0.0372,0.0292,False
neural_net + Baseline,xgboost + All_Clusters,0.0945,0.0,0.0612,0.1277,True
neural_net + Baseline,xgboost + Baseline,0.0945,0.0,0.0612,0.1277,True
neural_net + Baseline,xgboost + DBSCAN_Only,0.0945,0.0,0.0612,0.1277,True
neural_net + Baseline,xgboost + Hierarchical+DBSCAN,0.0945,0.0,0.0612,0.1277,True
neural_net + Baseline,xgboost + Hierarchical_Only,0.0945,0.0,0.0612,0.1277,True
neural_net + Baseline,xgboost + KMeans+DBSCAN,0.0945,0.0,0.0612,0.1277,True
neural_net + Baseline,xgboost + KMeans+Hierarchical,0.0945,0.0,0.0612,0.1277,True
neural_net + Baseline,xgboost + KMeans_Only,0.0945,0.0,0.0612,0.1277,True
neural_net + DBSCAN_Only,neural_net + Hierarchical+DBSCAN,-0.003,1.0,-0.0362,0.0302,False
neural_net + DBSCAN_Only,neural_net + Hierarchical_Only,-0.0038,1.0,-0.0371,0.0294,False
neural_net + DBSCAN_Only,neural_net + KMeans+DBSCAN,-0.0007,1.0,-0.0339,0.0325,False
neural_net + DBSCAN_Only,neural_net + KMeans+Hierarchical,-0.0051,1.0,-0.0384,0.0281,False
neural_net + DBSCAN_Only,neural_net + KMeans_Only,-0.0014,1.0,-0.0347,0.0318,False
neural_net + DBSCAN_Only,rf + All_Clusters,0.0349,0.0244,0.0017,0.0682,True
neural_net + DBSCAN_Only,rf + Baseline,0.0349,0.0244,0.0017,0.0682,True
neural_net + DBSCAN_Only,rf + DBSCAN_Only,0.0349,0.0244,0.0017,0.0682,True
neural_net + DBSCAN_Only,rf + Hierarchical+DBSCAN,0.0349,0.0244,0.0017,0.0682,True
neural_net + DBSCAN_Only,rf + Hierarchical_Only,0.0349,0.0244,0.0017,0.0682,True
neural_net + DBSCAN_Only,rf + KMeans+DBSCAN,0.0349,0.0244,0.0017,0.0682,True
neural_net + DBSCAN_Only,rf + KMeans+Hierarchical,0.0349,0.0244,0.0017,0.0682,True
neural_net + DBSCAN_Only,rf + KMeans_Only,0.0349,0.0244,0.0017,0.0682,True
neural_net + DBSCAN_Only,svm + All_Clusters,-0.0073,1.0,-0.0405,0.026,False
neural_net + DBSCAN_Only,svm + Baseline,-0.0073,1.0,-0.0405,0.026,False
neural_net + DBSCAN_Only,svm + DBSCAN_Only,-0.0073,1.0,-0.0405,0.0259,False
neural_net + DBSCAN_Only,svm + Hierarchical+DBSCAN,-0.0073,1.0,-0.0405,0.026,False
neural_net + DBSCAN_Only,svm + Hierarchical_Only,-0.0073,1.0,-0.0405,0.026,False
neural_net + DBSCAN_Only,svm + KMeans+DBSCAN,-0.0073,1.0,-0.0405,0.026,False
neural_net + DBSCAN_Only,svm + KMeans+Hierarchical,-0.0073,1.0,-0.0405,0.026,False
neural_net + DBSCAN_Only,svm + KMeans_Only,-0.0073,1.0,-0.0405,0.026,False
neural_net + DBSCAN_Only,xgboost + All_Clusters,0.0912,0.0,0.058,0.1244,True
neural_net + DBSCAN_Only,xgboost + Baseline,0.0912,0.0,0.058,0.1244,True
neural_net + DBSCAN_Only,xgboost + DBSCAN_Only,0.0912,0.0,0.058,0.1244,True
neural_net + DBSCAN_Only,xgboost + Hierarchical+DBSCAN,0.0912,0.0,0.058,0.1244,True
neural_net + DBSCAN_Only,xgboost + Hierarchical_Only,0.0912,0.0,0.058,0.1244,True
neural_net + DBSCAN_Only,xgboost + KMeans+DBSCAN,0.0912,0.0,0.058,0.1244,True
neural_net + DBSCAN_Only,xgboost + KMeans+Hierarchical,0.0912,0.0,0.058,0.1244,True
neural_net + DBSCAN_Only,xgboost + KMeans_Only,0.0912,0.0,0.058,0.1244,True
neural_net + Hierarchical+DBSCAN,neural_net + Hierarchical_Only,-0.0008,1.0,-0.0341,0.0324,False
neural_net + Hierarchical+DBSCAN,neural_net + KMeans+DBSCAN,0.0023,1.0,-0.0309,0.0355,False
neural_net + Hierarchical+DBSCAN,neural_net + KMeans+Hierarchical,-0.0021,1.0,-0.0354,0.0311,False
neural_net + Hierarchical+DBSCAN,neural_net + KMeans_Only,0.0016,1.0,-0.0317,0.0348,False
neural_net + Hierarchical+DBSCAN,rf + All_Clusters,0.0379,0.0061,0.0047,0.0712,True
neural_net + Hierarchical+DBSCAN,rf + Baseline,0.0379,0.0061,0.0047,0.0712,True
neural_net + Hierarchical+DBSCAN,rf + DBSCAN_Only,0.0379,0.0061,0.0047,0.0712,True
neural_net + Hierarchical+DBSCAN,rf + Hierarchical+DBSCAN,0.0379,0.0061,0.0047,0.0712,True
neural_net + Hierarchical+DBSCAN,rf + Hierarchical_Only,0.0379,0.0061,0.0047,0.0712,True
neural_net + Hierarchical+DBSCAN,rf + KMeans+DBSCAN,0.0379,0.0061,0.0047,0.0712,True
neural_net + Hierarchical+DBSCAN,rf + KMeans+Hierarchical,0.0379,0.0061,0.0047,0.0712,True
neural_net + Hierarchical+DBSCAN,rf + KMeans_Only,0.0379,0.0061,0.0047,0.0712,True
neural_net + Hierarchical+DBSCAN,svm + All_Clusters,-0.0043,1.0,-0.0375,0.0289,False
neural_net + Hierarchical+DBSCAN,svm + Baseline,-0.0043,1.0,-0.0375,0.0289,False
neural_net + Hierarchical+DBSCAN,svm + DBSCAN_Only,-0.0043,1.0,-0.0375,0.0289,False
neural_net + Hierarchical+DBSCAN,svm + Hierarchical+DBSCAN,-0.0043,1.0,-0.0375,0.0289,False
neural_net + Hierarchical+DBSCAN,svm + Hierarchical_Only,-0.0043,1.0,-0.0375,0.0289,False
neural_net + Hierarchical+DBSCAN,svm + KMeans+DBSCAN,-0.0043,1.0,-0.0375,0.0289,False
neural_net + Hierarchical+DBSCAN,svm + KMeans+Hierarchical,-0.0043,1.0,-0.0375,0.0289,False
neural_net + Hierarchical+DBSCAN,svm + KMeans_Only,-0.0043,1.0,-0.0375,0.0289,False
neural_net + Hierarchical+DBSCAN,xgboost + All_Clusters,0.0942,0.0,0.061,0.1274,True
neural_net + Hierarchical+DBSCAN,xgboost + Baseline,0.0942,0.0,0.061,0.1274,True
neural_net + Hierarchical+DBSCAN,xgboost + DBSCAN_Only,0.0942,0.0,0.061,0.1274,True
neural_net + Hierarchical+DBSCAN,xgboost + Hierarchical+DBSCAN,0.0942,0.0,0.061,0.1274,True
neural_net + Hierarchical+DBSCAN,xgboost + Hierarchical_Only,0.0942,0.0,0.061,0.1274,True
neural_net + Hierarchical+DBSCAN,xgboost + KMeans+DBSCAN,0.0942,0.0,0.061,0.1274,True
neural_net + Hierarchical+DBSCAN,xgboost + KMeans+Hierarchical,0.0942,0.0,0.061,0.1274,True
neural_net + Hierarchical+DBSCAN,xgboost + KMeans_Only,0.0942,0.0,0.061,0.1274,True
neural_net + Hierarchical_Only,neural_net + KMeans+DBSCAN,0.0031,1.0,-0.0301,0.0364,False
neural_net + Hierarchical_Only,neural_net + KMeans+Hierarchical,-0.0013,1.0,-0.0345,0.0319,False
neural_net + Hierarchical_Only,neural_net + KMeans_Only,0.0024,1.0,-0.0308,0.0356,False
neural_net + Hierarchical_Only,rf + All_Clusters,0.0388,0.004,0.0056,0.072,True
neural_net + Hierarchical_Only,rf + Baseline,0.0388,0.004,0.0056,0.072,True
neural_net + Hierarchical_Only,rf + DBSCAN_Only,0.0388,0.004,0.0056,0.072,True
neural_net + Hierarchical_Only,rf + Hierarchical+DBSCAN,0.0388,0.004,0.0056,0.072,True
neural_net + Hierarchical_Only,rf + Hierarchical_Only,0.0388,0.004,0.0056,0.072,True
neural_net + Hierarchical_Only,rf + KMeans+DBSCAN,0.0388,0.004,0.0056,0.072,True
neural_net + Hierarchical_Only,rf + KMeans+Hierarchical,0.0388,0.004,0.0056,0.072,True
neural_net + Hierarchical_Only,rf + KMeans_Only,0.0388,0.004,0.0056,0.072,True
neural_net + Hierarchical_Only,svm + All_Clusters,-0.0034,1.0,-0.0367,0.0298,False
neural_net + Hierarchical_Only,svm + Baseline,-0.0034,1.0,-0.0367,0.0298,False
neural_net + Hierarchical_Only,svm + DBSCAN_Only,-0.0034,1.0,-0.0367,0.0298,False
neural_net + Hierarchical_Only,svm + Hierarchical+DBSCAN,-0.0034,1.0,-0.0367,0.0298,False
neural_net + Hierarchical_Only,svm + Hierarchical_Only,-0.0034,1.0,-0.0367,0.0298,False
neural_net + Hierarchical_Only,svm + KMeans+DBSCAN,-0.0034,1.0,-0.0367,0.0298,False
neural_net + Hierarchical_Only,svm + KMeans+Hierarchical,-0.0034,1.0,-0.0367,0.0298,False
neural_net + Hierarchical_Only,svm + KMeans_Only,-0.0034,1.0,-0.0367,0.0298,False
neural_net + Hierarchical_Only,xgboost + All_Clusters,0.095,0.0,0.0618,0.1283,True
neural_net + Hierarchical_Only,xgboost + Baseline,0.095,0.0,0.0618,0.1283,True
neural_net + Hierarchical_Only,xgboost + DBSCAN_Only,0.095,0.0,0.0618,0.1283,True
neural_net + Hierarchical_Only,xgboost + Hierarchical+DBSCAN,0.095,0.0,0.0618,0.1283,True
neural_net + Hierarchical_Only,xgboost + Hierarchical_Only,0.095,0.0,0.0618,0.1283,True
neural_net + Hierarchical_Only,xgboost + KMeans+DBSCAN,0.095,0.0,0.0618,0.1283,True
neural_net + Hierarchical_Only,xgboost + KMeans+Hierarchical,0.095,0.0,0.0618,0.1283,True
neural_net + Hierarchical_Only,xgboost + KMeans_Only,0.095,0.0,0.0618,0.1283,True
neural_net + KMeans+DBSCAN,neural_net + KMeans+Hierarchical,-0.0044,1.0,-0.0377,0.0288,False
neural_net + KMeans+DBSCAN,neural_net + KMeans_Only,-0.0007,1.0,-0.034,0.0325,False
neural_net + KMeans+DBSCAN,rf + All_Clusters,0.0357,0.0179,0.0024,0.0689,True
neural_net + KMeans+DBSCAN,rf + Baseline,0.0357,0.0179,0.0024,0.0689,True
neural_net + KMeans+DBSCAN,rf + DBSCAN_Only,0.0357,0.0179,0.0024,0.0689,True
neural_net + KMeans+DBSCAN,rf + Hierarchical+DBSCAN,0.0357,0.0179,0.0024,0.0689,True
neural_net + KMeans+DBSCAN,rf + Hierarchical_Only,0.0357,0.0179,0.0024,0.0689,True
neural_net + KMeans+DBSCAN,rf + KMeans+DBSCAN,0.0357,0.0179,0.0024,0.0689,True
neural_net + KMeans+DBSCAN,rf + KMeans+Hierarchical,0.0357,0.0179,0.0024,0.0689,True
neural_net + KMeans+DBSCAN,rf + KMeans_Only,0.0357,0.0179,0.0024,0.0689,True
neural_net + KMeans+DBSCAN,svm + All_Clusters,-0.0066,1.0,-0.0398,0.0267,False
neural_net + KMeans+DBSCAN,svm + Baseline,-0.0066,1.0,-0.0398,0.0267,False
neural_net + KMeans+DBSCAN,svm + DBSCAN_Only,-0.0066,1.0,-0.0398,0.0267,False
neural_net + KMeans+DBSCAN,svm + Hierarchical+DBSCAN,-0.0066,1.0,-0.0398,0.0267,False
neural_net + KMeans+DBSCAN,svm + Hierarchical_Only,-0.0066,1.0,-0.0398,0.0267,False
neural_net + KMeans+DBSCAN,svm + KMeans+DBSCAN,-0.0066,1.0,-0.0398,0.0267,False
neural_net + KMeans+DBSCAN,svm + KMeans+Hierarchical,-0.0066,1.0,-0.0398,0.0267,False
neural_net + KMeans+DBSCAN,svm + KMeans_Only,-0.0066,1.0,-0.0398,0.0267,False
neural_net + KMeans+DBSCAN,xgboost + All_Clusters,0.0919,0.0,0.0587,0.1251,True
neural_net + KMeans+DBSCAN,xgboost + Baseline,0.0919,0.0,0.0587,0.1251,True
neural_net + KMeans+DBSCAN,xgboost + DBSCAN_Only,0.0919,0.0,0.0587,0.1251,True
neural_net + KMeans+DBSCAN,xgboost + Hierarchical+DBSCAN,0.0919,0.0,0.0587,0.1251,True
neural_net + KMeans+DBSCAN,xgboost + Hierarchical_Only,0.0919,0.0,0.0587,0.1251,True
neural_net + KMeans+DBSCAN,xgboost + KMeans+DBSCAN,0.0919,0.0,0.0587,0.1251,True
neural_net + KMeans+DBSCAN,xgboost + KMeans+Hierarchical,0.0919,0.0,0.0587,0.1251,True
neural_net + KMeans+DBSCAN,xgboost + KMeans_Only,0.0919,0.0,0.0587,0.1251,True
neural_net + KMeans+Hierarchical,neural_net + KMeans_Only,0.0037,1.0,-0.0295,0.0369,False
neural_net + KMeans+Hierarchical,rf + All_Clusters,0.0401,0.0021,0.0069,0.0733,True
neural_net + KMeans+Hierarchical,rf + Baseline,0.0401,0.0021,0.0069,0.0733,True
neural_net + KMeans+Hierarchical,rf + DBSCAN_Only,0.0401,0.0021,0.0069,0.0733,True
neural_net + KMeans+Hierarchical,rf + Hierarchical+DBSCAN,0.0401,0.0021,0.0069,0.0733,True
neural_net + KMeans+Hierarchical,rf + Hierarchical_Only,0.0401,0.0021,0.0069,0.0733,True
neural_net + KMeans+Hierarchical,rf + KMeans+DBSCAN,0.0401,0.0021,0.0069,0.0733,True
neural_net + KMeans+Hierarchical,rf + KMeans+Hierarchical,0.0401,0.0021,0.0069,0.0733,True
neural_net + KMeans+Hierarchical,rf + KMeans_Only,0.0401,0.0021,0.0069,0.0733,True
neural_net + KMeans+Hierarchical,svm + All_Clusters,-0.0021,1.0,-0.0354,0.0311,False
neural_net + KMeans+Hierarchical,svm + Baseline,-0.0021,1.0,-0.0354,0.0311,False
neural_net + KMeans+Hierarchical,svm + DBSCAN_Only,-0.0021,1.0,-0.0354,0.0311,False
neural_net + KMeans+Hierarchical,svm + Hierarchical+DBSCAN,-0.0021,1.0,-0.0354,0.0311,False
neural_net + KMeans+Hierarchical,svm + Hierarchical_Only,-0.0021,1.0,-0.0354,0.0311,False
neural_net + KMeans+Hierarchical,svm + KMeans+DBSCAN,-0.0021,1.0,-0.0354,0.0311,False
neural_net + KMeans+Hierarchical,svm + KMeans+Hierarchical,-0.0021,1.0,-0.0354,0.0311,False
neural_net + KMeans+Hierarchical,svm + KMeans_Only,-0.0021,1.0,-0.0354,0.0311,False
neural_net + KMeans+Hierarchical,xgboost + All_Clusters,0.0963,0.0,0.0631,0.1296,True
neural_net + KMeans+Hierarchical,xgboost + Baseline,0.0963,0.0,0.0631,0.1296,True
neural_net + KMeans+Hierarchical,xgboost + DBSCAN_Only,0.0963,0.0,0.0631,0.1296,True
neural_net + KMeans+Hierarchical,xgboost + Hierarchical+DBSCAN,0.0963,0.0,0.0631,0.1296,True
neural_net + KMeans+Hierarchical,xgboost + Hierarchical_Only,0.0963,0.0,0.0631,0.1296,True
neural_net + KMeans+Hierarchical,xgboost + KMeans+DBSCAN,0.0963,0.0,0.0631,0.1296,True
neural_net + KMeans+Hierarchical,xgboost + KMeans+Hierarchical,0.0963,0.0,0.0631,0.1296,True
neural_net + KMeans+Hierarchical,xgboost + KMeans_Only,0.0963,0.0,0.0631,0.1296,True
neural_net + KMeans_Only,rf + All_Clusters,0.0364,0.0128,0.0032,0.0696,True
neural_net + KMeans_Only,rf + Baseline,0.0364,0.0128,0.0032,0.0696,True
neural_net + KMeans_Only,rf + DBSCAN_Only,0.0364,0.0128,0.0032,0.0696,True
neural_net + KMeans_Only,rf + Hierarchical+DBSCAN,0.0364,0.0128,0.0032,0.0696,True
neural_net + KMeans_Only,rf + Hierarchical_Only,0.0364,0.0128,0.0032,0.0696,True
neural_net + KMeans_Only,rf + KMeans+DBSCAN,0.0364,0.0128,0.0032,0.0696,True
neural_net + KMeans_Only,rf + KMeans+Hierarchical,0.0364,0.0128,0.0032,0.0696,True
neural_net + KMeans_Only,rf + KMeans_Only,0.0364,0.0128,0.0032,0.0696,True
neural_net + KMeans_Only,svm + All_Clusters,-0.0058,1.0,-0.0391,0.0274,False
neural_net + KMeans_Only,svm + Baseline,-0.0058,1.0,-0.0391,0.0274,False
neural_net + KMeans_Only,svm + DBSCAN_Only,-0.0058,1.0,-0.0391,0.0274,False
neural_net + KMeans_Only,svm + Hierarchical+DBSCAN,-0.0058,1.0,-0.0391,0.0274,False
neural_net + KMeans_Only,svm + Hierarchical_Only,-0.0058,1.0,-0.0391,0.0274,False
neural_net + KMeans_Only,svm + KMeans+DBSCAN,-0.0058,1.0,-0.0391,0.0274,False
neural_net + KMeans_Only,svm + KMeans+Hierarchical,-0.0058,1.0,-0.0391,0.0274,False
neural_net + KMeans_Only,svm + KMeans_Only,-0.0058,1.0,-0.0391,0.0274,False
neural_net + KMeans_Only,xgboost + All_Clusters,0.0926,0.0,0.0594,0.1259,True
neural_net + KMeans_Only,xgboost + Baseline,0.0926,0.0,0.0594,0.1259,True
neural_net + KMeans_Only,xgboost + DBSCAN_Only,0.0926,0.0,0.0594,0.1259,True
neural_net + KMeans_Only,xgboost + Hierarchical+DBSCAN,0.0926,0.0,0.0594,0.1259,True
neural_net + KMeans_Only,xgboost + Hierarchical_Only,0.0926,0.0,0.0594,0.1259,True
neural_net + KMeans_Only,xgboost + KMeans+DBSCAN,0.0926,0.0,0.0594,0.1259,True
neural_net + KMeans_Only,xgboost + KMeans+Hierarchical,0.0926,0.0,0.0594,0.1259,True
neural_net + KMeans_Only,xgboost + KMeans_Only,0.0926,0.0,0.0594,0.1259,True
rf + All_Clusters,rf + Baseline,0.0,1.0,-0.0332,0.0332,False
rf + All_Clusters,rf + DBSCAN_Only,0.0,1.0,-0.0332,0.0332,False
rf + All_Clusters,rf + Hierarchical+DBSCAN,0.0,1.0,-0.0332,0.0332,False
rf + All_Clusters,rf + Hierarchical_Only,0.0,1.0,-0.0332,0.0332,False
rf + All_Clusters,rf + KMeans+DBSCAN,0.0,1.0,-0.0332,0.0332,False
rf + All_Clusters,rf + KMeans+Hierarchical,0.0,1.0,-0.0332,0.0332,False
rf + All_Clusters,rf + KMeans_Only,0.0,1.0,-0.0332,0.0332,False
rf + All_Clusters,svm + All_Clusters,-0.0422,0.0007,-0.0754,-0.009,True
rf + All_Clusters,svm + Baseline,-0.0422,0.0007,-0.0754,-0.009,True
rf + All_Clusters,svm + DBSCAN_Only,-0.0422,0.0007,-0.0755,-0.009,True
rf + All_Clusters,svm + Hierarchical+DBSCAN,-0.0422,0.0007,-0.0754,-0.009,True
rf + All_Clusters,svm + Hierarchical_Only,-0.0422,0.0007,-0.0754,-0.009,True
rf + All_Clusters,svm + KMeans+DBSCAN,-0.0422,0.0007,-0.0754,-0.009,True
rf + All_Clusters,svm + KMeans+Hierarchical,-0.0422,0.0007,-0.0754,-0.009,True
rf + All_Clusters,svm + KMeans_Only,-0.0422,0.0007,-0.0754,-0.009,True
rf + All_Clusters,xgboost + All_Clusters,0.0562,0.0,0.023,0.0895,True
rf + All_Clusters,xgboost + Baseline,0.0562,0.0,0.023,0.0895,True
rf + All_Clusters,xgboost + DBSCAN_Only,0.0562,0.0,0.023,0.0895,True
rf + All_Clusters,xgboost + Hierarchical+DBSCAN,0.0562,0.0,0.023,0.0895,True
rf + All_Clusters,xgboost + Hierarchical_Only,0.0562,0.0,0.023,0.0895,True
rf + All_Clusters,xgboost + KMeans+DBSCAN,0.0562,0.0,0.023,0.0895,True
rf + All_Clusters,xgboost + KMeans+Hierarchical,0.0562,0.0,0.023,0.0895,True
rf + All_Clusters,xgboost + KMeans_Only,0.0562,0.0,0.023,0.0895,True
rf + Baseline,rf + DBSCAN_Only,0.0,1.0,-0.0332,0.0332,False
rf + Baseline,rf + Hierarchical+DBSCAN,0.0,1.0,-0.0332,0.0332,False
rf + Baseline,rf + Hierarchical_Only,0.0,1.0,-0.0332,0.0332,False
rf + Baseline,rf + KMeans+DBSCAN,0.0,1.0,-0.0332,0.0332,False
rf + Baseline,rf + KMeans+Hierarchical,0.0,1.0,-0.0332,0.0332,False
rf + Baseline,rf + KMeans_Only,0.0,1.0,-0.0332,0.0332,False
rf + Baseline,svm + All_Clusters,-0.0422,0.0007,-0.0754,-0.009,True
rf + Baseline,svm + Baseline,-0.0422,0.0007,-0.0754,-0.009,True
rf + Baseline,svm + DBSCAN_Only,-0.0422,0.0007,-0.0755,-0.009,True
rf + Baseline,svm + Hierarchical+DBSCAN,-0.0422,0.0007,-0.0754,-0.009,True
rf + Baseline,svm + Hierarchical_Only,-0.0422,0.0007,-0.0754,-0.009,True
rf + Baseline,svm + KMeans+DBSCAN,-0.0422,0.0007,-0.0754,-0.009,True
rf + Baseline,svm + KMeans+Hierarchical,-0.0422,0.0007,-0.0754,-0.009,True
rf + Baseline,svm + KMeans_Only,-0.0422,0.0007,-0.0754,-0.009,True
rf + Baseline,xgboost + All_Clusters,0.0562,0.0,0.023,0.0895,True
rf + Baseline,xgboost + Baseline,0.0562,0.0,0.023,0.0895,True
rf + Baseline,xgboost + DBSCAN_Only,0.0562,0.0,0.023,0.0895,True
rf + Baseline,xgboost + Hierarchical+DBSCAN,0.0562,0.0,0.023,0.0895,True
rf + Baseline,xgboost + Hierarchical_Only,0.0562,0.0,0.023,0.0895,True
rf + Baseline,xgboost + KMeans+DBSCAN,0.0562,0.0,0.023,0.0895,True
rf + Baseline,xgboost + KMeans+Hierarchical,0.0562,0.0,0.023,0.0895,True
rf + Baseline,xgboost + KMeans_Only,0.0562,0.0,0.023,0.0895,True
rf + DBSCAN_Only,rf + Hierarchical+DBSCAN,0.0,1.0,-0.0332,0.0332,False
rf + DBSCAN_Only,rf + Hierarchical_Only,0.0,1.0,-0.0332,0.0332,False
rf + DBSCAN_Only,rf + KMeans+DBSCAN,0.0,1.0,-0.0332,0.0332,False
rf + DBSCAN_Only,rf + KMeans+Hierarchical,0.0,1.0,-0.0332,0.0332,False
rf + DBSCAN_Only,rf + KMeans_Only,0.0,1.0,-0.0332,0.0332,False
rf + DBSCAN_Only,svm + All_Clusters,-0.0422,0.0007,-0.0754,-0.009,True
rf + DBSCAN_Only,svm + Baseline,-0.0422,0.0007,-0.0754,-0.009,True
rf + DBSCAN_Only,svm + DBSCAN_Only,-0.0422,0.0007,-0.0755,-0.009,True
rf + DBSCAN_Only,svm + Hierarchical+DBSCAN,-0.0422,0.0007,-0.0754,-0.009,True
rf + DBSCAN_Only,svm + Hierarchical_Only,-0.0422,0.0007,-0.0754,-0.009,True
rf + DBSCAN_Only,svm + KMeans+DBSCAN,-0.0422,0.0007,-0.0754,-0.009,True
rf + DBSCAN_Only,svm + KMeans+Hierarchical,-0.0422,0.0007,-0.0754,-0.009,True
rf + DBSCAN_Only,svm + KMeans_Only,-0.0422,0.0007,-0.0754,-0.009,True
rf + DBSCAN_Only,xgboost + All_Clusters,0.0562,0.0,0.023,0.0895,True
rf + DBSCAN_Only,xgboost + Baseline,0.0562,0.0,0.023,0.0895,True
rf + DBSCAN_Only,xgboost + DBSCAN_Only,0.0562,0.0,0.023,0.0895,True
rf + DBSCAN_Only,xgboost + Hierarchical+DBSCAN,0.0562,0.0,0.023,0.0895,True
rf + DBSCAN_Only,xgboost + Hierarchical_Only,0.0562,0.0,0.023,0.0895,True
rf + DBSCAN_Only,xgboost + KMeans+DBSCAN,0.0562,0.0,0.023,0.0895,True
rf + DBSCAN_Only,xgboost + KMeans+Hierarchical,0.0562,0.0,0.023,0.0895,True
rf + DBSCAN_Only,xgboost + KMeans_Only,0.0562,0.0,0.023,0.0895,True
rf + Hierarchical+DBSCAN,rf + Hierarchical_Only,0.0,1.0,-0.0332,0.0332,False
rf + Hierarchical+DBSCAN,rf + KMeans+DBSCAN,0.0,1.0,-0.0332,0.0332,False
rf + Hierarchical+DBSCAN,rf + KMeans+Hierarchical,0.0,1.0,-0.0332,0.0332,False
rf + Hierarchical+DBSCAN,rf + KMeans_Only,0.0,1.0,-0.0332,0.0332,False
rf + Hierarchical+DBSCAN,svm + All_Clusters,-0.0422,0.0007,-0.0754,-0.009,True
rf + Hierarchical+DBSCAN,svm + Baseline,-0.0422,0.0007,-0.0754,-0.009,True
rf + Hierarchical+DBSCAN,svm + DBSCAN_Only,-0.0422,0.0007,-0.0755,-0.009,True
rf + Hierarchical+DBSCAN,svm + Hierarchical+DBSCAN,-0.0422,0.0007,-0.0754,-0.009,True
rf + Hierarchical+DBSCAN,svm + Hierarchical_Only,-0.0422,0.0007,-0.0754,-0.009,True
rf + Hierarchical+DBSCAN,svm + KMeans+DBSCAN,-0.0422,0.0007,-0.0754,-0.009,True
rf + Hierarchical+DBSCAN,svm + KMeans+Hierarchical,-0.0422,0.0007,-0.0754,-0.009,True
rf + Hierarchical+DBSCAN,svm + KMeans_Only,-0.0422,0.0007,-0.0754,-0.009,True
rf + Hierarchical+DBSCAN,xgboost + All_Clusters,0.0562,0.0,0.023,0.0895,True
rf + Hierarchical+DBSCAN,xgboost + Baseline,0.0562,0.0,0.023,0.0895,True
rf + Hierarchical+DBSCAN,xgboost + DBSCAN_Only,0.0562,0.0,0.023,0.0895,True
rf + Hierarchical+DBSCAN,xgboost + Hierarchical+DBSCAN,0.0562,0.0,0.023,0.0895,True
rf + Hierarchical+DBSCAN,xgboost + Hierarchical_Only,0.0562,0.0,0.023,0.0895,True
rf + Hierarchical+DBSCAN,xgboost + KMeans+DBSCAN,0.0562,0.0,0.023,0.0895,True
rf + Hierarchical+DBSCAN,xgboost + KMeans+Hierarchical,0.0562,0.0,0.023,0.0895,True
rf + Hierarchical+DBSCAN,xgboost + KMeans_Only,0.0562,0.0,0.023,0.0895,True
rf + Hierarchical_Only,rf + KMeans+DBSCAN,0.0,1.0,-0.0332,0.0332,False
rf + Hierarchical_Only,rf + KMeans+Hierarchical,0.0,1.0,-0.0332,0.0332,False
rf + Hierarchical_Only,rf + KMeans_Only,0.0,1.0,-0.0332,0.0332,False
rf + Hierarchical_Only,svm + All_Clusters,-0.0422,0.0007,-0.0754,-0.009,True
rf + Hierarchical_Only,svm + Baseline,-0.0422,0.0007,-0.0754,-0.009,True
rf + Hierarchical_Only,svm + DBSCAN_Only,-0.0422,0.0007,-0.0755,-0.009,True
rf + Hierarchical_Only,svm + Hierarchical+DBSCAN,-0.0422,0.0007,-0.0754,-0.009,True
rf + Hierarchical_Only,svm + Hierarchical_Only,-0.0422,0.0007,-0.0754,-0.009,True
rf + Hierarchical_Only,svm + KMeans+DBSCAN,-0.0422,0.0007,-0.0754,-0.009,True
rf + Hierarchical_Only,svm + KMeans+Hierarchical,-0.0422,0.0007,-0.0754,-0.009,True
rf + Hierarchical_Only,svm + KMeans_Only,-0.0422,0.0007,-0.0754,-0.009,True
rf + Hierarchical_Only,xgboost + All_Clusters,0.0562,0.0,0.023,0.0895,True
rf + Hierarchical_Only,xgboost + Baseline,0.0562,0.0,0.023,0.0895,True
rf + Hierarchical_Only,xgboost + DBSCAN_Only,0.0562,0.0,0.023,0.0895,True
rf + Hierarchical_Only,xgboost + Hierarchical+DBSCAN,0.0562,0.0,0.023,0.0895,True
rf + Hierarchical_Only,xgboost + Hierarchical_Only,0.0562,0.0,0.023,0.0895,True
rf + Hierarchical_Only,xgboost + KMeans+DBSCAN,0.0562,0.0,0.023,0.0895,True
rf + Hierarchical_Only,xgboost + KMeans+Hierarchical,0.0562,0.0,0.023,0.0895,True
rf + Hierarchical_Only,xgboost + KMeans_Only,0.0562,0.0,0.023,0.0895,True
rf + KMeans+DBSCAN,rf + KMeans+Hierarchical,0.0,1.0,-0.0332,0.0332,False
rf + KMeans+DBSCAN,rf + KMeans_Only,0.0,1.0,-0.0332,0.0332,False
rf + KMeans+DBSCAN,svm + All_Clusters,-0.0422,0.0007,-0.0754,-0.009,True
rf + KMeans+DBSCAN,svm + Baseline,-0.0422,0.0007,-0.0754,-0.009,True
rf + KMeans+DBSCAN,svm + DBSCAN_Only,-0.0422,0.0007,-0.0755,-0.009,True
rf + KMeans+DBSCAN,svm + Hierarchical+DBSCAN,-0.0422,0.0007,-0.0754,-0.009,True
rf + KMeans+DBSCAN,svm + Hierarchical_Only,-0.0422,0.0007,-0.0754,-0.009,True
rf + KMeans+DBSCAN,svm + KMeans+DBSCAN,-0.0422,0.0007,-0.0754,-0.009,True
rf + KMeans+DBSCAN,svm + KMeans+Hierarchical,-0.0422,0.0007,-0.0754,-0.009,True
rf + KMeans+DBSCAN,svm + KMeans_Only,-0.0422,0.0007,-0.0754,-0.009,True
rf + KMeans+DBSCAN,xgboost + All_Clusters,0.0562,0.0,0.023,0.0895,True
rf + KMeans+DBSCAN,xgboost + Baseline,0.0562,0.0,0.023,0.0895,True
rf + KMeans+DBSCAN,xgboost + DBSCAN_Only,0.0562,0.0,0.023,0.0895,True
rf + KMeans+DBSCAN,xgboost + Hierarchical+DBSCAN,0.0562,0.0,0.023,0.0895,True
rf + KMeans+DBSCAN,xgboost + Hierarchical_Only,0.0562,0.0,0.023,0.0895,True
rf + KMeans+DBSCAN,xgboost + KMeans+DBSCAN,0.0562,0.0,0.023,0.0895,True
rf + KMeans+DBSCAN,xgboost + KMeans+Hierarchical,0.0562,0.0,0.023,0.0895,True
rf + KMeans+DBSCAN,xgboost + KMeans_Only,0.0562,0.0,0.023,0.0895,True
rf + KMeans+Hierarchical,rf + KMeans_Only,0.0,1.0,-0.0332,0.0332,False
rf + KMeans+Hierarchical,svm + All_Clusters,-0.0422,0.0007,-0.0754,-0.009,True
rf + KMeans+Hierarchical,svm + Baseline,-0.0422,0.0007,-0.0754,-0.009,True
rf + KMeans+Hierarchical,svm + DBSCAN_Only,-0.0422,0.0007,-0.0755,-0.009,True
rf + KMeans+Hierarchical,svm + Hierarchical+DBSCAN,-0.0422,0.0007,-0.0754,-0.009,True
rf + KMeans+Hierarchical,svm + Hierarchical_Only,-0.0422,0.0007,-0.0754,-0.009,True
rf + KMeans+Hierarchical,svm + KMeans+DBSCAN,-0.0422,0.0007,-0.0754,-0.009,True
rf + KMeans+Hierarchical,svm + KMeans+Hierarchical,-0.0422,0.0007,-0.0754,-0.009,True
rf + KMeans+Hierarchical,svm + KMeans_Only,-0.0422,0.0007,-0.0754,-0.009,True
rf + KMeans+Hierarchical,xgboost + All_Clusters,0.0562,0.0,0.023,0.0895,True
rf + KMeans+Hierarchical,xgboost + Baseline,0.0562,0.0,0.023,0.0895,True
rf + KMeans+Hierarchical,xgboost + DBSCAN_Only,0.0562,0.0,0.023,0.0895,True
rf + KMeans+Hierarchical,xgboost + Hierarchical+DBSCAN,0.0562,0.0,0.023,0.0895,True
rf + KMeans+Hierarchical,xgboost + Hierarchical_Only,0.0562,0.0,0.023,0.0895,True
rf + KMeans+Hierarchical,xgboost + KMeans+DBSCAN,0.0562,0.0,0.023,0.0895,True
rf + KMeans+Hierarchical,xgboost + KMeans+Hierarchical,0.0562,0.0,0.023,0.0895,True
rf + KMeans+Hierarchical,xgboost + KMeans_Only,0.0562,0.0,0.023,0.0895,True
rf + KMeans_Only,svm + All_Clusters,-0.0422,0.0007,-0.0754,-0.009,True
rf + KMeans_Only,svm + Baseline,-0.0422,0.0007,-0.0754,-0.009,True
rf + KMeans_Only,svm + DBSCAN_Only,-0.0422,0.0007,-0.0755,-0.009,True
rf + KMeans_Only,svm + Hierarchical+DBSCAN,-0.0422,0.0007,-0.0754,-0.009,True
rf + KMeans_Only,svm + Hierarchical_Only,-0.0422,0.0007,-0.0754,-0.009,True
rf + KMeans_Only,svm + KMeans+DBSCAN,-0.0422,0.0007,-0.0754,-0.009,True
rf + KMeans_Only,svm + KMeans+Hierarchical,-0.0422,0.0007,-0.0754,-0.009,True
rf + KMeans_Only,svm + KMeans_Only,-0.0422,0.0007,-0.0754,-0.009,True
rf + KMeans_Only,xgboost + All_Clusters,0.0562,0.0,0.023,0.0895,True
rf + KMeans_Only,xgboost + Baseline,0.0562,0.0,0.023,0.0895,True
rf + KMeans_Only,xgboost + DBSCAN_Only,0.0562,0.0,0.023,0.0895,True
rf + KMeans_Only,xgboost + Hierarchical+DBSCAN,0.0562,0.0,0.023,0.0895,True
rf + KMeans_Only,xgboost + Hierarchical_Only,0.0562,0.0,0.023,0.0895,True
rf + KMeans_Only,xgboost + KMeans+DBSCAN,0.0562,0.0,0.023,0.0895,True
rf + KMeans_Only,xgboost + KMeans+Hierarchical,0.0562,0.0,0.023,0.0895,True
rf + KMeans_Only,xgboost + KMeans_Only,0.0562,0.0,0.023,0.0895,True
svm + All_Clusters,svm + Baseline,0.0,1.0,-0.0332,0.0332,False
svm + All_Clusters,svm + DBSCAN_Only,-0.0,1.0,-0.0332,0.0332,False
svm + All_Clusters,svm + Hierarchical+DBSCAN,0.0,1.0,-0.0332,0.0332,False
svm + All_Clusters,svm + Hierarchical_Only,0.0,1.0,-0.0332,0.0332,False
svm + All_Clusters,svm + KMeans+DBSCAN,0.0,1.0,-0.0332,0.0332,False
svm + All_Clusters,svm + KMeans+Hierarchical,0.0,1.0,-0.0332,0.0332,False
svm + All_Clusters,svm + KMeans_Only,0.0,1.0,-0.0332,0.0332,False
svm + All_Clusters,xgboost + All_Clusters,0.0985,0.0,0.0652,0.1317,True
svm + All_Clusters,xgboost + Baseline,0.0985,0.0,0.0652,0.1317,True
svm + All_Clusters,xgboost + DBSCAN_Only,0.0985,0.0,0.0652,0.1317,True
svm + All_Clusters,xgboost + Hierarchical+DBSCAN,0.0985,0.0,0.0652,0.1317,True
svm + All_Clusters,xgboost + Hierarchical_Only,0.0985,0.0,0.0652,0.1317,True
svm + All_Clusters,xgboost + KMeans+DBSCAN,0.0985,0.0,0.0652,0.1317,True
svm + All_Clusters,xgboost + KMeans+Hierarchical,0.0985,0.0,0.0652,0.1317,True
svm + All_Clusters,xgboost + KMeans_Only,0.0985,0.0,0.0652,0.1317,True
svm + Baseline,svm + DBSCAN_Only,-0.0,1.0,-0.0332,0.0332,False
svm + Baseline,svm + Hierarchical+DBSCAN,0.0,1.0,-0.0332,0.0332,False
svm + Baseline,svm + Hierarchical_Only,0.0,1.0,-0.0332,0.0332,False
svm + Baseline,svm + KMeans+DBSCAN,0.0,1.0,-0.0332,0.0332,False
svm + Baseline,svm + KMeans+Hierarchical,0.0,1.0,-0.0332,0.0332,False
svm + Baseline,svm + KMeans_Only,0.0,1.0,-0.0332,0.0332,False
svm + Baseline,xgboost + All_Clusters,0.0985,0.0,0.0652,0.1317,True
svm + Baseline,xgboost + Baseline,0.0985,0.0,0.0652,0.1317,True
svm + Baseline,xgboost + DBSCAN_Only,0.0985,0.0,0.0652,0.1317,True
svm + Baseline,xgboost + Hierarchical+DBSCAN,0.0985,0.0,0.0652,0.1317,True
svm + Baseline,xgboost + Hierarchical_Only,0.0985,0.0,0.0652,0.1317,True
svm + Baseline,xgboost + KMeans+DBSCAN,0.0985,0.0,0.0652,0.1317,True
svm + Baseline,xgboost + KMeans+Hierarchical,0.0985,0.0,0.0652,0.1317,True
svm + Baseline,xgboost + KMeans_Only,0.0985,0.0,0.0652,0.1317,True
svm + DBSCAN_Only,svm + Hierarchical+DBSCAN,0.0,1.0,-0.0332,0.0332,False
svm + DBSCAN_Only,svm + Hierarchical_Only,0.0,1.0,-0.0332,0.0332,False
svm + DBSCAN_Only,svm + KMeans+DBSCAN,0.0,1.0,-0.0332,0.0332,False
svm + DBSCAN_Only,svm + KMeans+Hierarchical,0.0,1.0,-0.0332,0.0332,False
svm + DBSCAN_Only,svm + KMeans_Only,0.0,1.0,-0.0332,0.0332,False
svm + DBSCAN_Only,xgboost + All_Clusters,0.0985,0.0,0.0652,0.1317,True
svm + DBSCAN_Only,xgboost + Baseline,0.0985,0.0,0.0652,0.1317,True
svm + DBSCAN_Only,xgboost + DBSCAN_Only,0.0985,0.0,0.0652,0.1317,True
svm + DBSCAN_Only,xgboost + Hierarchical+DBSCAN,0.0985,0.0,0.0652,0.1317,True
svm + DBSCAN_Only,xgboost + Hierarchical_Only,0.0985,0.0,0.0652,0.1317,True
svm + DBSCAN_Only,xgboost + KMeans+DBSCAN,0.0985,0.0,0.0652,0.1317,True
svm + DBSCAN_Only,xgboost + KMeans+Hierarchical,0.0985,0.0,0.0652,0.1317,True
svm + DBSCAN_Only,xgboost + KMeans_Only,0.0985,0.0,0.0652,0.1317,True
svm + Hierarchical+DBSCAN,svm + Hierarchical_Only,0.0,1.0,-0.0332,0.0332,False
svm + Hierarchical+DBSCAN,svm + KMeans+DBSCAN,0.0,1.0,-0.0332,0.0332,False
svm + Hierarchical+DBSCAN,svm + KMeans+Hierarchical,0.0,1.0,-0.0332,0.0332,False
svm + Hierarchical+DBSCAN,svm + KMeans_Only,0.0,1.0,-0.0332,0.0332,False
svm + Hierarchical+DBSCAN,xgboost + All_Clusters,0.0985,0.0,0.0652,0.1317,True
svm + Hierarchical+DBSCAN,xgboost + Baseline,0.0985,0.0,0.0652,0.1317,True
svm + Hierarchical+DBSCAN,xgboost + DBSCAN_Only,0.0985,0.0,0.0652,0.1317,True
svm + Hierarchical+DBSCAN,xgboost + Hierarchical+DBSCAN,0.0985,0.0,0.0652,0.1317,True
svm + Hierarchical+DBSCAN,xgboost + Hierarchical_Only,0.0985,0.0,0.0652,0.1317,True
svm + Hierarchical+DBSCAN,xgboost + KMeans+DBSCAN,0.0985,0.0,0.0652,0.1317,True
svm + Hierarchical+DBSCAN,xgboost + KMeans+Hierarchical,0.0985,0.0,0.0652,0.1317,True
svm + Hierarchical+DBSCAN,xgboost + KMeans_Only,0.0985,0.0,0.0652,0.1317,True
svm + Hierarchical_Only,svm + KMeans+DBSCAN,0.0,1.0,-0.0332,0.0332,False
svm + Hierarchical_Only,svm + KMeans+Hierarchical,0.0,1.0,-0.0332,0.0332,False
svm + Hierarchical_Only,svm + KMeans_Only,0.0,1.0,-0.0332,0.0332,False
svm + Hierarchical_Only,xgboost + All_Clusters,0.0985,0.0,0.0652,0.1317,True
svm + Hierarchical_Only,xgboost + Baseline,0.0985,0.0,0.0652,0.1317,True
svm + Hierarchical_Only,xgboost + DBSCAN_Only,0.0985,0.0,0.0652,0.1317,True
svm + Hierarchical_Only,xgboost + Hierarchical+DBSCAN,0.0985,0.0,0.0652,0.1317,True
svm + Hierarchical_Only,xgboost + Hierarchical_Only,0.0985,0.0,0.0652,0.1317,True
svm + Hierarchical_Only,xgboost + KMeans+DBSCAN,0.0985,0.0,0.0652,0.1317,True
svm + Hierarchical_Only,xgboost + KMeans+Hierarchical,0.0985,0.0,0.0652,0.1317,True
svm + Hierarchical_Only,xgboost + KMeans_Only,0.0985,0.0,0.0652,0.1317,True
svm + KMeans+DBSCAN,svm + KMeans+Hierarchical,0.0,1.0,-0.0332,0.0332,False
svm + KMeans+DBSCAN,svm + KMeans_Only,0.0,1.0,-0.0332,0.0332,False
svm + KMeans+DBSCAN,xgboost + All_Clusters,0.0985,0.0,0.0652,0.1317,True
svm + KMeans+DBSCAN,xgboost + Baseline,0.0985,0.0,0.0652,0.1317,True
svm + KMeans+DBSCAN,xgboost + DBSCAN_Only,0.0985,0.0,0.0652,0.1317,True
svm + KMeans+DBSCAN,xgboost + Hierarchical+DBSCAN,0.0985,0.0,0.0652,0.1317,True
svm + KMeans+DBSCAN,xgboost + Hierarchical_Only,0.0985,0.0,0.0652,0.1317,True
svm + KMeans+DBSCAN,xgboost + KMeans+DBSCAN,0.0985,0.0,0.0652,0.1317,True
svm + KMeans+DBSCAN,xgboost + KMeans+Hierarchical,0.0985,0.0,0.0652,0.1317,True
svm + KMeans+DBSCAN,xgboost + KMeans_Only,0.0985,0.0,0.0652,0.1317,True
svm + KMeans+Hierarchical,svm + KMeans_Only,0.0,1.0,-0.0332,0.0332,False
svm + KMeans+Hierarchical,xgboost + All_Clusters,0.0985,0.0,0.0652,0.1317,True
svm + KMeans+Hierarchical,xgboost + Baseline,0.0985,0.0,0.0652,0.1317,True
svm + KMeans+Hierarchical,xgboost + DBSCAN_Only,0.0985,0.0,0.0652,0.1317,True
svm + KMeans+Hierarchical,xgboost + Hierarchical+DBSCAN,0.0985,0.0,0.0652,0.1317,True
svm + KMeans+Hierarchical,xgboost + Hierarchical_Only,0.0985,0.0,0.0652,0.1317,True
svm + KMeans+Hierarchical,xgboost + KMeans+DBSCAN,0.0985,0.0,0.0652,0.1317,True
svm + KMeans+Hierarchical,xgboost + KMeans+Hierarchical,0.0985,0.0,0.0652,0.1317,True
svm + KMeans+Hierarchical,xgboost + KMeans_Only,0.0985,0.0,0.0652,0.1317,True
svm + KMeans_Only,xgboost + All_Clusters,0.0985,0.0,0.0652,0.1317,True
svm + KMeans_Only,xgboost + Baseline,0.0985,0.0,0.0652,0.1317,True
svm + KMeans_Only,xgboost + DBSCAN_Only,0.0985,0.0,0.0652,0.1317,True
svm + KMeans_Only,xgboost + Hierarchical+DBSCAN,0.0985,0.0,0.0652,0.1317,True
svm + KMeans_Only,xgboost + Hierarchical_Only,0.0985,0.0,0.0652,0.1317,True
svm + KMeans_Only,xgboost + KMeans+DBSCAN,0.0985,0.0,0.0652,0.1317,True
svm + KMeans_Only,xgboost + KMeans+Hierarchical,0.0985,0.0,0.0652,0.1317,True
svm + KMeans_Only,xgboost + KMeans_Only,0.0985,0.0,0.0652,0.1317,True
xgboost + All_Clusters,xgboost + Baseline,0.0,1.0,-0.0332,0.0332,False
xgboost + All_Clusters,xgboost + DBSCAN_Only,0.0,1.0,-0.0332,0.0332,False
xgboost + All_Clusters,xgboost + Hierarchical+DBSCAN,0.0,1.0,-0.0332,0.0332,False
xgboost + All_Clusters,xgboost + Hierarchical_Only,0.0,1.0,-0.0332,0.0332,False
xgboost + All_Clusters,xgboost + KMeans+DBSCAN,0.0,1.0,-0.0332,0.0332,False
xgboost + All_Clusters,xgboost + KMeans+Hierarchical,0.0,1.0,-0.0332,0.0332,False
xgboost + All_Clusters,xgboost + KMeans_Only,0.0,1.0,-0.0332,0.0332,False
xgboost + Baseline,xgboost + DBSCAN_Only,0.0,1.0,-0.0332,0.0332,False
xgboost + Baseline,xgboost + Hierarchical+DBSCAN,0.0,1.0,-0.0332,0.0332,False
xgboost + Baseline,xgboost + Hierarchical_Only,0.0,1.0,-0.0332,0.0332,False
xgboost + Baseline,xgboost + KMeans+DBSCAN,0.0,1.0,-0.0332,0.0332,False
xgboost + Baseline,xgboost + KMeans+Hierarchical,0.0,1.0,-0.0332,0.0332,False
xgboost + Baseline,xgboost + KMeans_Only,0.0,1.0,-0.0332,0.0332,False
xgboost + DBSCAN_Only,xgboost + Hierarchical+DBSCAN,0.0,1.0,-0.0332,0.0332,False
xgboost + DBSCAN_Only,xgboost + Hierarchical_Only,0.0,1.0,-0.0332,0.0332,False
xgboost + DBSCAN_Only,xgboost + KMeans+DBSCAN,0.0,1.0,-0.0332,0.0332,False
xgboost + DBSCAN_Only,xgboost + KMeans+Hierarchical,0.0,1.0,-0.0332,0.0332,False
xgboost + DBSCAN_Only,xgboost + KMeans_Only,0.0,1.0,-0.0332,0.0332,False
xgboost + Hierarchical+DBSCAN,xgboost + Hierarchical_Only,0.0,1.0,-0.0332,0.0332,False
xgboost + Hierarchical+DBSCAN,xgboost + KMeans+DBSCAN,0.0,1.0,-0.0332,0.0332,False
xgboost + Hierarchical+DBSCAN,xgboost + KMeans+Hierarchical,0.0,1.0,-0.0332,0.0332,False
xgboost + Hierarchical+DBSCAN,xgboost + KMeans_Only,0.0,1.0,-0.0332,0.0332,False
xgboost + Hierarchical_Only,xgboost + KMeans+DBSCAN,0.0,1.0,-0.0332,0.0332,False
xgboost + Hierarchical_Only,xgboost + KMeans+Hierarchical,0.0,1.0,-0.0332,0.0332,False
xgboost + Hierarchical_Only,xgboost + KMeans_Only,0.0,1.0,-0.0332,0.0332,False
xgboost + KMeans+DBSCAN,xgboost + KMeans+Hierarchical,0.0,1.0,-0.0332,0.0332,False
xgboost + KMeans+DBSCAN,xgboost + KMeans_Only,0.0,1.0,-0.0332,0.0332,False
xgboost + KMeans+Hierarchical,xgboost + KMeans_Only,0.0,1.0,-0.0332,0.0332,False
